offense_id,occur_date,occur_time,MinOfucr,Shift,Avg Day,UC2 Literal,neighborhood,x,y
152530080,9/10/15,0:20:00,512,Morn,Thu,BURGLARY-NONRES,Norwood Manor,-84.36001,33.69489
152530144,9/10/15,1:06:00,512,Morn,Thu,BURGLARY-NONRES,Pittsburgh,-84.40541,33.73207
152530298,9/10/15,2:34:00,640,Morn,Thu,LARCENY-FROM VEHICLE,Lake Claire,-84.31943,33.7657
152530392,9/10/15,3:38:00,512,Morn,Thu,BURGLARY-NONRES,Sweet Auburn,-84.37207,33.75126
152530402,9/10/15,3:43:00,710,Morn,Thu,AUTO THEFT,Marietta Street Artery,-84.40849,33.77795
152530422,9/10/15,3:50:00,640,Morn,Thu,LARCENY-FROM VEHICLE,Candler Park,-84.34383,33.76949
152530673,9/10/15,4:00:00,650,Morn,Thu,LARCENY-FROM VEHICLE,Virginia Highland,-84.35247,33.78
152530993,9/10/15,9:54:00,511,Day,Thu,BURGLARY-RESIDENCE,Mechanicsville,-84.39938,33.73619
152531003,9/10/15,6:35:00,511,Day,Thu,BURGLARY-RESIDENCE,Southwest,-84.48444,33.70796
152531114,9/10/15,10:20:00,440,Day,Thu,AGG ASSAULT,NULL,-84.50299,33.67051
152531320,9/10/15,7:00:00,710,Day,Thu,AUTO THEFT,Southwest,-84.49402,33.69247
152531346,9/10/15,12:00:00,640,Day,Thu,LARCENY-FROM VEHICLE,Grant Park,-84.3687,33.7445
152520283,9/9/15,2:38:00,420,Morn,Wed,AGG ASSAULT,Center Hill,-84.46471,33.77374
152520333,9/9/15,0:23:00,690,Morn,Wed,LARCENY-NON VEHICLE,NULL,-84.50216,33.68403
152520446,9/9/15,4:55:00,710,Morn,Wed,AUTO THEFT,South Tuxedo Park,-84.38104,33.84316
152520497,9/9/15,1:30:00,640,Morn,Wed,LARCENY-FROM VEHICLE,Berkeley Park,-84.40791,33.80121
152520518,9/9/15,0:05:00,710,Morn,Wed,AUTO THEFT,Reynoldstown,-84.3552,33.75112
152520579,9/9/15,2:30:00,710,Morn,Wed,AUTO THEFT,Fairburn,-84.52185,33.69183
152520719,9/9/15,6:30:00,670,Morn,Wed,LARCENY-NON VEHICLE,Midtown,-84.38267,33.78515
152520805,9/9/15,6:45:00,640,Day,Wed,LARCENY-FROM VEHICLE,Kings Forest,-84.51602,33.69289
152520882,9/9/15,9:07:00,710,Day,Wed,AUTO THEFT,Adair Park,-84.40959,33.7269
152520890,9/9/15,9:00:00,710,Day,Wed,AUTO THEFT,Morningside/Lenox Park,-84.36202,33.8132
152521046,9/9/15,8:30:00,640,Day,Wed,LARCENY-FROM VEHICLE,Rockdale,-84.43686,33.7889
152521124,9/9/15,10:30:00,630,Day,Wed,LARCENY-NON VEHICLE,Vine City,-84.41457,33.75504
152521223,9/9/15,11:00:00,710,Day,Wed,AUTO THEFT,West Highlands,-84.4477,33.7915
152521318,9/9/15,0:01:00,670,Morn,Wed,LARCENY-NON VEHICLE,Downtown,-84.38314,33.76157
152521350,9/9/15,8:00:00,650,Day,Wed,LARCENY-FROM VEHICLE,Lakewood Heights,-84.37927,33.70665
152521354,9/9/15,12:30:00,347,Day,Wed,ROBBERY-PEDESTRIAN,South Atlanta,-84.3881,33.71104
152521372,9/9/15,8:00:00,511,Day,Wed,BURGLARY-RESIDENCE,Ridgedale Park,-84.35696,33.85157
152521402,9/9/15,12:00:00,640,Day,Wed,LARCENY-FROM VEHICLE,Pittsburgh,-84.40518,33.73669
152521411,9/9/15,6:30:00,650,Day,Wed,LARCENY-FROM VEHICLE,Atlanta University Center,-84.4055,33.75399
152521459,9/9/15,13:00:00,511,Day,Wed,BURGLARY-RESIDENCE,Blandtown,-84.41319,33.78768
152521488,9/9/15,13:40:00,315,Day,Wed,ROBBERY-RESIDENCE,Piedmont Heights,-84.36785,33.81069
152521490,9/9/15,12:00:00,511,Day,Wed,BURGLARY-RESIDENCE,East Atlanta,-84.34195,33.73381
152521522,9/9/15,13:15:00,511,Day,Wed,BURGLARY-RESIDENCE,Marietta Street Artery,-84.40807,33.77689
152521523,9/9/15,13:15:00,620,Day,Wed,LARCENY-NON VEHICLE,Downtown,-84.38034,33.75305
152521577,9/9/15,12:45:00,640,Day,Wed,LARCENY-FROM VEHICLE,Mechanicsville,-84.39273,33.74038
152521608,9/9/15,14:30:00,670,Day,Wed,LARCENY-NON VEHICLE,North Buckhead,-84.35831,33.85404
152521643,9/9/15,15:02:00,620,Eve,Wed,LARCENY-NON VEHICLE,East Atlanta,-84.34912,33.74285
152521663,9/9/15,14:30:00,220,Day,Wed,RAPE,Ashview Heights,-84.42051,33.7501
152521797,9/9/15,14:08:00,311,Day,Wed,ROBBERY-PEDESTRIAN,English Avenue,-84.41564,33.76346
152521800,9/9/15,15:57:00,630,Eve,Wed,LARCENY-NON VEHICLE,Adams Park,-84.46462,33.72186
152522036,9/9/15,17:00:00,511,Eve,Wed,BURGLARY-RESIDENCE,West End,-84.41974,33.73244
152522094,9/9/15,17:15:00,630,Eve,Wed,LARCENY-NON VEHICLE,Oakland City,-84.41957,33.7258
152522194,9/9/15,17:40:00,430,Eve,Wed,AGG ASSAULT,Briar Glen,-84.506,33.69826
152522202,9/9/15,17:56:00,630,Eve,Wed,LARCENY-NON VEHICLE,Edgewood,-84.34619,33.75674
152522233,9/9/15,6:00:00,511,Day,Wed,BURGLARY-RESIDENCE,NULL,-84.4253,33.81136
152522274,9/9/15,17:40:00,640,Eve,Wed,LARCENY-FROM VEHICLE,Inman Park,-84.3574,33.76382
152522337,9/9/15,18:30:00,410,Eve,Wed,AGG ASSAULT,Florida Heights,-84.46642,33.75047
152522339,9/9/15,17:30:00,710,Eve,Wed,AUTO THEFT,Midtown,-84.38747,33.78014
152522365,9/9/15,13:30:00,690,Day,Wed,LARCENY-NON VEHICLE,Grant Park,-84.37492,33.73121
152522400,9/9/15,18:50:00,630,Eve,Wed,LARCENY-NON VEHICLE,Princeton Lakes,-84.5109,33.65573
152522401,9/9/15,17:50:00,690,Eve,Wed,LARCENY-NON VEHICLE,Florida Heights,-84.46728,33.75095
152522504,9/9/15,19:20:00,630,Eve,Wed,LARCENY-NON VEHICLE,West End,-84.41751,33.7398
152522524,9/9/15,7:50:00,640,Day,Wed,LARCENY-FROM VEHICLE,Downtown,-84.39359,33.74982
152522555,9/9/15,9:00:00,511,Day,Wed,BURGLARY-RESIDENCE,Atlantic Station,-84.40265,33.7899
152522557,9/9/15,19:00:00,650,Eve,Wed,LARCENY-FROM VEHICLE,Inman Park,-84.35075,33.76376
152522574,9/9/15,20:00:00,311,Eve,Wed,ROBBERY-PEDESTRIAN,West End,-84.41492,33.73792
152522623,9/9/15,20:30:00,710,Eve,Wed,AUTO THEFT,Downtown,-84.3901,33.75534
152522734,9/9/15,21:15:00,710,Eve,Wed,AUTO THEFT,Grant Park,-84.37092,33.74531
152522792,9/9/15,18:15:00,640,Eve,Wed,LARCENY-FROM VEHICLE,Princeton Lakes,-84.50908,33.65571
152522836,9/9/15,9:07:00,311,Unk,Wed,ROBBERY-PEDESTRIAN,Piedmont Heights,-84.36852,33.81034
152522872,9/9/15,22:54:00,710,Morn,Wed,AUTO THEFT,Browns Mill Park,-84.36924,33.6887
152522911,9/9/15,23:10:00,410,Morn,Wed,AGG ASSAULT,Ashview Heights,-84.42183,33.74837
152522912,9/9/15,20:00:00,640,Eve,Wed,LARCENY-FROM VEHICLE,Midtown,-84.37867,33.78218
152522919,9/9/15,23:19:00,640,Morn,Wed,LARCENY-FROM VEHICLE,Sweet Auburn,-84.37649,33.75485
152522939,9/9/15,18:00:00,640,Unk,Thu,LARCENY-FROM VEHICLE,Downtown,-84.38566,33.76502
152522969,9/9/15,23:48:00,670,Morn,Wed,LARCENY-NON VEHICLE,Sweet Auburn,-84.37361,33.75413
152530008,9/9/15,19:00:00,640,Eve,Wed,LARCENY-FROM VEHICLE,Old Fourth Ward,-84.36963,33.75952
152530494,9/9/15,23:00:00,640,Morn,Thu,LARCENY-FROM VEHICLE,Greenbriar,-84.4937,33.68077
152530542,9/9/15,23:30:00,640,Morn,Thu,LARCENY-FROM VEHICLE,Kirkwood,-84.3363,33.74966
152530555,9/9/15,21:15:00,640,Morn,Thu,LARCENY-FROM VEHICLE,Candler Park,-84.33334,33.76941
152530574,9/9/15,22:00:00,730,Morn,Thu,AUTO THEFT,Florida Heights,-84.46623,33.75183
152530582,9/9/15,23:00:00,640,Morn,Thu,LARCENY-FROM VEHICLE,Wildwood (NPU-C),-84.41356,33.80838
152530769,9/9/15,23:00:00,521,Morn,Thu,BURGLARY-RESIDENCE,Grant Park,-84.36817,33.72743
152530795,9/9/15,18:00:00,690,Morn,Thu,LARCENY-NON VEHICLE,Home Park,-84.40299,33.78496
152530872,9/9/15,22:30:00,512,Morn,Thu,BURGLARY-NONRES,Lenox,-84.35826,33.85387
152530876,9/9/15,9:30:00,650,Unk,Wed,LARCENY-FROM VEHICLE,Castleberry Hill,-84.40069,33.75274
152530943,9/9/15,0:01:00,640,Unk,Wed,LARCENY-FROM VEHICLE,Adamsville,-84.51087,33.7641
152531004,9/9/15,16:00:00,511,Morn,Wed,BURGLARY-RESIDENCE,Dixie Hills,-84.46566,33.75589
152531048,9/9/15,17:30:00,690,Morn,Thu,LARCENY-NON VEHICLE,Home Park,-84.41184,33.78422
152531064,9/9/15,22:00:00,640,Morn,Thu,LARCENY-FROM VEHICLE,Edgewood,-84.33722,33.76048
152531103,9/9/15,20:30:00,710,Morn,Thu,AUTO THEFT,NULL,-84.44364,33.70907
152531158,9/9/15,19:00:00,640,Morn,Thu,LARCENY-FROM VEHICLE,Midtown,-84.38022,33.77734
152531240,9/9/15,15:00:00,640,Unk,Thu,LARCENY-FROM VEHICLE,Midtown,-84.38056,33.77984
152510188,9/8/15,1:45:00,640,Morn,Tue,LARCENY-FROM VEHICLE,NULL,-84.42279,33.81214
152510193,9/8/15,1:50:00,512,Morn,Tue,BURGLARY-NONRES,Atlantic Station,-84.39466,33.7921
152510221,9/8/15,2:16:00,630,Morn,Tue,LARCENY-NON VEHICLE,English Avenue,-84.40508,33.7697
152510266,9/8/15,2:51:00,640,Morn,Tue,LARCENY-FROM VEHICLE,NULL,-84.39218,33.81496
152510269,9/8/15,2:45:00,630,Morn,Tue,LARCENY-NON VEHICLE,East Atlanta,-84.34879,33.74299
152510307,9/8/15,3:16:00,640,Morn,Tue,LARCENY-FROM VEHICLE,Peachtree Heights West,-84.38756,33.82621
152510312,9/8/15,3:17:00,640,Morn,Tue,LARCENY-FROM VEHICLE,Garden Hills,-84.38001,33.83636
152510314,9/8/15,0:30:00,650,Morn,Tue,LARCENY-FROM VEHICLE,Center Hill,-84.47042,33.77544
152510344,9/8/15,3:40:00,640,Morn,Tue,LARCENY-FROM VEHICLE,Inman Park,-84.36193,33.76074
152510375,9/8/15,4:00:00,710,Morn,Tue,AUTO THEFT,Pittsburgh,-84.40778,33.74007
152510455,9/8/15,0:00:00,640,Morn,Tue,LARCENY-FROM VEHICLE,Grant Park,-84.36913,33.74662
152510460,9/8/15,5:40:00,710,Morn,Tue,AUTO THEFT,Glenrose Heights,-84.3904,33.67272
152510477,9/8/15,6:00:00,410,Morn,Tue,AGG ASSAULT,Hunter Hills,-84.42985,33.76343
152510569,9/8/15,6:00:00,710,Morn,Tue,AUTO THEFT,Kirkwood,-84.32893,33.75259
152510571,9/8/15,7:25:00,620,Day,Tue,LARCENY-NON VEHICLE,Piedmont Heights,-84.36852,33.81034
152510678,9/8/15,6:30:00,210,Day,Tue,RAPE,Polar Rock,-84.39102,33.69407
152510957,9/8/15,9:51:00,690,Day,Tue,LARCENY-NON VEHICLE,Lindbergh/Morosgo,-84.36378,33.82404
152511016,9/8/15,10:00:00,640,Day,Tue,LARCENY-FROM VEHICLE,Old Fourth Ward,-84.36364,33.76909
152511075,9/8/15,4:00:00,521,Day,Tue,BURGLARY-RESIDENCE,NULL,-84.39294,33.80958
152511098,9/8/15,10:47:00,511,Day,Tue,BURGLARY-RESIDENCE,Summerhill,-84.38032,33.73451
152511336,9/8/15,12:10:00,630,Day,Tue,LARCENY-NON VEHICLE,Lindbergh/Morosgo,-84.36328,33.82403
152511342,9/8/15,11:17:00,311,Day,Tue,ROBBERY-PEDESTRIAN,Downtown,-84.38413,33.76435
152511350,9/8/15,12:00:00,511,Day,Tue,BURGLARY-RESIDENCE,Princeton Lakes,-84.51879,33.66251
152511400,9/8/15,0:00:00,690,Morn,Tue,LARCENY-NON VEHICLE,English Avenue,-84.40717,33.7718
152511415,9/8/15,12:15:00,640,Day,Tue,LARCENY-FROM VEHICLE,Riverside,-84.47137,33.80821
152511466,9/8/15,13:00:00,620,Day,Tue,LARCENY-NON VEHICLE,Sylvan Hills,-84.41722,33.69858
152511476,9/8/15,1:00:00,630,Morn,Tue,LARCENY-NON VEHICLE,Vine City,-84.41457,33.75504
152511495,9/8/15,12:40:00,630,Day,Tue,LARCENY-NON VEHICLE,Lenox,-84.3595,33.85182
152511582,9/8/15,13:13:00,640,Day,Tue,LARCENY-FROM VEHICLE,Ansley Park,-84.37798,33.78862
152511619,9/8/15,14:20:00,630,Day,Tue,LARCENY-NON VEHICLE,Woodland Hills,-84.35045,33.72055
152511637,9/8/15,14:00:00,521,Day,Tue,BURGLARY-RESIDENCE,Tampa Park,-84.50981,33.67943
152511667,9/8/15,13:00:00,511,Day,Tue,BURGLARY-RESIDENCE,English Avenue,-84.4042,33.76507
152511682,9/8/15,14:54:00,531,Eve,Tue,BURGLARY-RESIDENCE,The Villages at Carver,-84.39052,33.71348
152511715,9/8/15,14:30:00,317,Day,Tue,ROBBERY-PEDESTRIAN,Edgewood,-84.34845,33.7586
152511721,9/8/15,15:00:00,640,Eve,Tue,LARCENY-FROM VEHICLE,NULL,-84.36922,33.78223
152511818,9/8/15,15:00:00,511,Eve,Tue,BURGLARY-RESIDENCE,Harris Chiles,-84.41974,33.74546
152511824,9/8/15,15:30:00,640,Eve,Tue,LARCENY-FROM VEHICLE,Greenbriar,-84.49328,33.68845
152511913,9/8/15,16:25:00,630,Eve,Tue,LARCENY-NON VEHICLE,Peachtree Heights West,-84.3841,33.83399
152511919,9/8/15,14:20:00,690,Eve,Tue,LARCENY-NON VEHICLE,Lindridge/Martin Manor,-84.35203,33.81703
152511941,9/8/15,9:30:00,511,Day,Tue,BURGLARY-RESIDENCE,The Villages at Castleberry H,-84.40755,33.74662
152512011,9/8/15,6:00:00,640,Day,Tue,LARCENY-FROM VEHICLE,Florida Heights,-84.46642,33.74555
152512064,9/8/15,16:45:00,430,Eve,Tue,AGG ASSAULT,Lakewood Heights,-84.37788,33.70648
152512070,9/8/15,15:00:00,670,Eve,Tue,LARCENY-NON VEHICLE,Midtown,-84.38959,33.78697
152512084,9/8/15,12:30:00,640,Day,Tue,LARCENY-FROM VEHICLE,Lindridge/Martin Manor,-84.35224,33.82115
152512129,9/8/15,17:24:00,630,Eve,Tue,LARCENY-NON VEHICLE,Lindbergh/Morosgo,-84.36328,33.82403
152512134,9/8/15,17:15:00,630,Eve,Tue,LARCENY-NON VEHICLE,West End,-84.41751,33.7398
152512194,9/8/15,7:30:00,640,Day,Tue,LARCENY-FROM VEHICLE,East Atlanta,-84.33166,33.74074
152512244,9/8/15,18:01:00,630,Eve,Tue,LARCENY-NON VEHICLE,Atlantic Station,-84.39466,33.7921
152512258,9/8/15,17:45:00,640,Eve,Tue,LARCENY-FROM VEHICLE,Joyland,-84.39745,33.71097
152512259,9/8/15,16:00:00,640,Eve,Tue,LARCENY-FROM VEHICLE,Marietta Street Artery,-84.40691,33.77522
152512263,9/8/15,15:30:00,640,Eve,Tue,LARCENY-FROM VEHICLE,Midtown,-84.38975,33.77487
152512276,9/8/15,14:00:00,640,Day,Tue,LARCENY-FROM VEHICLE,Berkeley Park,-84.41278,33.80388
152512284,9/8/15,7:00:00,660,Day,Tue,LARCENY-NON VEHICLE,Adair Park,-84.41062,33.7293
152512309,9/8/15,19:00:00,630,Eve,Tue,LARCENY-NON VEHICLE,Berkeley Park,-84.41278,33.80388
152512314,9/8/15,0:30:00,710,Morn,Tue,AUTO THEFT,Sylvan Hills,-84.41017,33.70278
152512342,9/8/15,17:00:00,511,Eve,Tue,BURGLARY-RESIDENCE,Lakewood Heights,-84.3745,33.70698
152512350,9/8/15,15:45:00,640,Eve,Tue,LARCENY-FROM VEHICLE,Marietta Street Artery,-84.4104,33.77941
152512444,9/8/15,8:50:00,521,Day,Tue,BURGLARY-RESIDENCE,Princeton Lakes,-84.50877,33.65777
152512583,9/8/15,19:00:00,710,Eve,Tue,AUTO THEFT,Lincoln Homes,-84.4751,33.7974
152512599,9/8/15,8:30:00,511,Day,Tue,BURGLARY-RESIDENCE,Princeton Lakes,-84.50994,33.66005
152512600,9/8/15,13:30:00,511,Eve,Tue,BURGLARY-RESIDENCE,Rosedale Heights,-84.3698,33.67973
152512615,9/8/15,18:30:00,640,Eve,Tue,LARCENY-FROM VEHICLE,NULL,-84.51291,33.6889
152512627,9/8/15,19:30:00,640,Eve,Tue,LARCENY-FROM VEHICLE,Midtown,-84.36561,33.77469
152512649,9/8/15,2:42:00,690,Morn,Tue,LARCENY-NON VEHICLE,Castleberry Hill,-84.40611,33.74632
152512654,9/8/15,20:20:00,311,Eve,Tue,ROBBERY-PEDESTRIAN,Perkerson,-84.41189,33.69512
152512681,9/8/15,19:10:00,640,Eve,Tue,LARCENY-FROM VEHICLE,NULL,-84.51198,33.69059
152512692,9/8/15,19:00:00,640,Eve,Tue,LARCENY-FROM VEHICLE,East Atlanta,-84.3444,33.73383
152512697,9/8/15,20:48:00,630,Eve,Tue,LARCENY-NON VEHICLE,Greenbriar,-84.49328,33.68845
152512718,9/8/15,20:57:00,630,Eve,Tue,LARCENY-NON VEHICLE,Vine City,-84.41457,33.75504
152512791,9/8/15,21:35:00,690,Eve,Tue,LARCENY-NON VEHICLE,Blandtown,-84.42911,33.79121
152512814,9/8/15,21:41:00,311,Eve,Tue,ROBBERY-PEDESTRIAN,Browns Mill Park,-84.36493,33.68505
152512816,9/8/15,8:00:00,521,Day,Tue,BURGLARY-RESIDENCE,Almond Park,-84.46446,33.78279
152512817,9/8/15,21:35:00,420,Eve,Tue,AGG ASSAULT,West End,-84.42995,33.74072
152512848,9/8/15,22:05:00,311,Eve,Tue,ROBBERY-PEDESTRIAN,Perkerson,-84.41306,33.69629
152512857,9/8/15,22:15:00,640,Eve,Tue,LARCENY-FROM VEHICLE,Pine Hills,-84.35511,33.82924
152512862,9/8/15,19:00:00,640,Eve,Tue,LARCENY-FROM VEHICLE,Lindbergh/Morosgo,-84.36706,33.82543
152512907,9/8/15,20:00:00,640,Eve,Tue,LARCENY-FROM VEHICLE,NULL,-84.36922,33.78223
152512911,9/8/15,15:00:00,511,Eve,Tue,BURGLARY-RESIDENCE,Sylvan Hills,-84.41785,33.70985
152512912,9/8/15,21:30:00,640,Eve,Tue,LARCENY-FROM VEHICLE,East Atlanta,-84.34684,33.74137
152512918,9/8/15,22:40:00,531,Eve,Tue,BURGLARY-RESIDENCE,South River Gardens,-84.37144,33.67339
152512952,9/8/15,22:35:00,640,Eve,Tue,LARCENY-FROM VEHICLE,Buckhead Forest,-84.37311,33.84425
152512968,9/8/15,22:50:00,322,Morn,Tue,ROBBERY-COMMERCIAL,Downtown,-84.38754,33.7702
152512985,9/8/15,23:33:00,640,Morn,Tue,LARCENY-FROM VEHICLE,North Buckhead,-84.37111,33.84591
152513018,9/8/15,23:40:00,341,Morn,Tue,ROBBERY-PEDESTRIAN,Rockdale,-84.44593,33.78547
152520288,9/8/15,12:00:00,690,Eve,Tue,LARCENY-NON VEHICLE,Grove Park,-84.43629,33.76915
152520338,9/8/15,21:54:00,512,Morn,Wed,BURGLARY-NONRES,Collier Heights,-84.48696,33.78223
152520561,9/8/15,6:00:00,710,Unk,Tue,AUTO THEFT,Lindbergh/Morosgo,-84.36335,33.82598
152520629,9/8/15,22:05:00,710,Morn,Tue,AUTO THEFT,Peachtree Hills,-84.38821,33.81546
152520797,9/8/15,18:30:00,640,Morn,Wed,LARCENY-FROM VEHICLE,Midtown,-84.37881,33.77607
152520919,9/8/15,12:00:00,511,Unk,Tue,BURGLARY-RESIDENCE,Fairburn Heights,-84.49944,33.76692
152521078,9/8/15,15:25:00,670,Eve,Tue,LARCENY-NON VEHICLE,North Buckhead,-84.3586,33.85471
152521118,9/8/15,19:15:00,511,Morn,Wed,BURGLARY-RESIDENCE,Rosedale Heights,-84.3695,33.67979
152521122,9/8/15,0:01:00,690,Unk,Tue,LARCENY-NON VEHICLE,Mechanicsville,-84.40237,33.73977
152521256,9/8/15,17:00:00,650,Unk,Wed,LARCENY-FROM VEHICLE,Grove Park,-84.44378,33.77728
152521339,9/8/15,18:00:00,710,Morn,Wed,AUTO THEFT,Downtown,-84.38261,33.76625
152521786,9/8/15,16:30:00,670,Unk,Wed,LARCENY-NON VEHICLE,Downtown,-84.38924,33.75518
152522178,9/8/15,23:00:00,511,Unk,Wed,BURGLARY-RESIDENCE,South Atlanta,-84.38761,33.71171
152531266,9/8/15,14:15:00,710,Unk,Wed,AUTO THEFT,NULL,-84.37856,33.81201
152500092,9/7/15,0:36:00,311,Morn,Mon,ROBBERY-PEDESTRIAN,Bankhead,-84.42026,33.77081
152500265,9/7/15,1:50:00,410,Morn,Mon,AGG ASSAULT,South Tuxedo Park,-84.3795,33.84267
152500272,9/7/15,1:30:00,640,Morn,Mon,LARCENY-FROM VEHICLE,East Atlanta,-84.3462,33.74053
152500328,9/7/15,0:05:00,640,Morn,Mon,LARCENY-FROM VEHICLE,Hunter Hills,-84.43369,33.76333
152500338,9/7/15,1:00:00,690,Morn,Mon,LARCENY-NON VEHICLE,Campbellton Road,-84.45299,33.70061
152500398,9/7/15,3:32:00,311,Morn,Mon,ROBBERY-PEDESTRIAN,Downtown,-84.39467,33.76638
152500407,9/7/15,3:00:00,311,Morn,Mon,ROBBERY-PEDESTRIAN,Hunter Hills,-84.43194,33.75386
152500440,9/7/15,4:14:00,640,Morn,Mon,LARCENY-FROM VEHICLE,Downtown,-84.3872,33.75595
152500460,9/7/15,4:30:00,521,Morn,Mon,BURGLARY-RESIDENCE,NULL,-84.50299,33.67051
152500536,9/7/15,5:30:00,670,Morn,Mon,LARCENY-NON VEHICLE,Westview,-84.44583,33.73754
152500568,9/7/15,6:15:00,312,Morn,Mon,ROBBERY-COMMERCIAL,Blandtown,-84.41416,33.78636
152500587,9/7/15,6:14:00,311,Morn,Mon,ROBBERY-PEDESTRIAN,NULL,-84.44958,33.8209
152500645,9/7/15,6:00:00,640,Morn,Mon,LARCENY-FROM VEHICLE,Midtown,-84.37336,33.77333
152500675,9/7/15,7:55:00,311,Day,Mon,ROBBERY-PEDESTRIAN,NULL,-84.49595,33.74956
152500734,9/7/15,8:40:00,630,Day,Mon,LARCENY-NON VEHICLE,Lenox,-84.3595,33.85182
152500891,9/7/15,3:00:00,710,Morn,Mon,AUTO THEFT,Browns Mill Park,-84.36924,33.6887
152500899,9/7/15,1:00:00,640,Morn,Mon,LARCENY-FROM VEHICLE,Home Park,-84.41167,33.78257
152500921,9/7/15,0:01:00,710,Morn,Mon,AUTO THEFT,Rosedale Heights,-84.37152,33.68149
152500922,9/7/15,10:30:00,630,Day,Mon,LARCENY-NON VEHICLE,Edgewood,-84.34619,33.75674
152500924,9/7/15,10:35:00,640,Day,Mon,LARCENY-FROM VEHICLE,Home Park,-84.40974,33.78332
152500942,9/7/15,10:50:00,511,Day,Mon,BURGLARY-RESIDENCE,Old Fourth Ward,-84.38069,33.76896
152500961,9/7/15,2:00:00,650,Morn,Mon,LARCENY-FROM VEHICLE,Marietta Street Artery,-84.40799,33.7795
152500989,9/7/15,11:10:00,620,Day,Mon,LARCENY-NON VEHICLE,West Lake,-84.44221,33.76131
152500993,9/7/15,11:10:00,710,Day,Mon,AUTO THEFT,Almond Park,-84.46204,33.78028
152501042,9/7/15,5:00:00,440,Morn,Mon,AGG ASSAULT,NULL,-84.50204,33.68387
152501132,9/7/15,12:00:00,690,Day,Mon,LARCENY-NON VEHICLE,Vine City,-84.41421,33.75805
152501154,9/7/15,12:45:00,630,Day,Mon,LARCENY-NON VEHICLE,Berkeley Park,-84.41278,33.80388
152501193,9/7/15,13:10:00,690,Day,Mon,LARCENY-NON VEHICLE,Campbellton Road,-84.45947,33.70514
152501275,9/7/15,14:00:00,420,Day,Mon,AGG ASSAULT,NULL,-84.48577,33.75527
152501295,9/7/15,12:47:00,630,Day,Mon,LARCENY-NON VEHICLE,Atlantic Station,-84.39554,33.79212
152501314,9/7/15,14:00:00,640,Day,Mon,LARCENY-FROM VEHICLE,Peachtree Heights West,-84.3854,33.83156
152501315,9/7/15,11:00:00,511,Day,Mon,BURGLARY-RESIDENCE,Sylvan Hills,-84.41464,33.7075
152501347,9/7/15,13:00:00,690,Day,Mon,LARCENY-NON VEHICLE,East Atlanta,-84.33035,33.73289
152501348,9/7/15,15:00:00,620,Eve,Mon,LARCENY-NON VEHICLE,Lenox,-84.36582,33.8481
152501393,9/7/15,13:00:00,640,Day,Mon,LARCENY-FROM VEHICLE,Midtown,-84.38022,33.78202
152501440,9/7/15,15:30:00,410,Eve,Mon,AGG ASSAULT,Buckhead Heights,-84.35765,33.85019
152501448,9/7/15,15:49:00,410,Eve,Mon,AGG ASSAULT,Glenrose Heights,-84.38997,33.6694
152501469,9/7/15,15:00:00,660,Eve,Mon,LARCENY-NON VEHICLE,NULL,-84.39176,33.81008
152501554,9/7/15,16:31:00,430,Eve,Mon,AGG ASSAULT,Browns Mill Park,-84.39417,33.68294
152501571,9/7/15,1:30:00,670,Day,Mon,LARCENY-NON VEHICLE,Downtown,-84.38672,33.76152
152501586,9/7/15,15:13:00,640,Eve,Mon,LARCENY-FROM VEHICLE,Downtown,-84.38587,33.76453
152501599,9/7/15,16:49:00,690,Eve,Mon,LARCENY-NON VEHICLE,Oakland City,-84.42166,33.72371
152501606,9/7/15,16:53:00,317,Eve,Mon,ROBBERY-PEDESTRIAN,Capitol View,-84.41314,33.71208
152501609,9/7/15,15:30:00,640,Eve,Mon,LARCENY-FROM VEHICLE,Edgewood,-84.33015,33.7601
152501612,9/7/15,3:00:00,610,Morn,Mon,LARCENY-NON VEHICLE,Downtown,-84.37959,33.75528
152501725,9/7/15,17:30:00,630,Eve,Mon,LARCENY-NON VEHICLE,North Buckhead,-84.3645,33.85209
152501750,9/7/15,8:00:00,511,Day,Mon,BURGLARY-RESIDENCE,NULL,-84.48889,33.75423
152501786,9/7/15,17:30:00,630,Eve,Mon,LARCENY-NON VEHICLE,Lenox,-84.36212,33.84676
152501811,9/7/15,17:15:00,670,Eve,Mon,LARCENY-NON VEHICLE,Lenox,-84.3595,33.85182
152501830,9/7/15,18:16:00,660,Eve,Mon,LARCENY-NON VEHICLE,Midtown,-84.38399,33.77994
152501842,9/7/15,18:00:00,640,Eve,Mon,LARCENY-FROM VEHICLE,Lenox,-84.35845,33.84592
152501899,9/7/15,19:08:00,710,Eve,Mon,AUTO THEFT,Browns Mill Park,-84.39189,33.68503
152501920,9/7/15,14:30:00,521,Eve,Mon,BURGLARY-RESIDENCE,Old Gordon,-84.51471,33.76918
152501929,9/7/15,18:00:00,640,Eve,Mon,LARCENY-FROM VEHICLE,Downtown,-84.38219,33.76851
152501958,9/7/15,19:00:00,660,Eve,Mon,LARCENY-NON VEHICLE,Midtown,-84.36717,33.77909
152502028,9/7/15,18:30:00,710,Eve,Mon,AUTO THEFT,Inman Park,-84.35734,33.7635
152502073,9/7/15,20:33:00,640,Eve,Mon,LARCENY-FROM VEHICLE,Buckhead Forest,-84.37311,33.84425
152502105,9/7/15,19:30:00,640,Eve,Mon,LARCENY-FROM VEHICLE,North Buckhead,-84.38129,33.8547
152502122,9/7/15,20:45:00,630,Eve,Mon,LARCENY-NON VEHICLE,Riverside,-84.47569,33.81063
152502125,9/7/15,16:30:00,430,Eve,Mon,AGG ASSAULT,Greenbriar,-84.48853,33.68295
152502162,9/7/15,18:00:00,640,Eve,Mon,LARCENY-FROM VEHICLE,Downtown,-84.3928,33.75243
152502165,9/7/15,18:00:00,640,Eve,Mon,LARCENY-FROM VEHICLE,Lenox,-84.36212,33.84676
152502194,9/7/15,21:00:00,640,Eve,Mon,LARCENY-FROM VEHICLE,Garden Hills,-84.36889,33.83521
152502220,9/7/15,21:43:00,670,Eve,Mon,LARCENY-NON VEHICLE,NULL,-84.50763,33.68972
152502224,9/7/15,21:45:00,710,Eve,Mon,AUTO THEFT,Ashview Heights,-84.42314,33.74725
152502233,9/7/15,20:00:00,410,Eve,Mon,AGG ASSAULT,Old Fourth Ward,-84.37339,33.76708
152502263,9/7/15,22:00:00,410,Eve,Mon,AGG ASSAULT,Oakland City,-84.42684,33.71965
152502272,9/7/15,22:10:00,311,Eve,Mon,ROBBERY-PEDESTRIAN,Benteen Park,-84.36065,33.71101
152502273,9/7/15,21:05:00,531,Eve,Mon,BURGLARY-RESIDENCE,Knight Park/Howell Station,-84.4177,33.77859
152502346,9/7/15,23:10:00,311,Morn,Mon,ROBBERY-PEDESTRIAN,Boulevard Heights,-84.36715,33.72348
152502415,9/7/15,23:57:00,620,Morn,Mon,LARCENY-NON VEHICLE,Midtown,-84.38353,33.78409
152510083,9/7/15,12:00:00,511,Eve,Mon,BURGLARY-RESIDENCE,Ashview Heights,-84.42043,33.75094
152510203,9/7/15,23:00:00,640,Morn,Tue,LARCENY-FROM VEHICLE,Sylvan Hills,-84.41211,33.70299
152510351,9/7/15,13:00:00,640,Unk,Mon,LARCENY-FROM VEHICLE,The Villages at Carver,-84.3911,33.71402
152510496,9/7/15,21:00:00,710,Morn,Tue,AUTO THEFT,Vine City,-84.41384,33.75823
152510591,9/7/15,23:30:00,640,Morn,Tue,LARCENY-FROM VEHICLE,West End,-84.41738,33.74057
152510666,9/7/15,23:00:00,640,Morn,Tue,LARCENY-FROM VEHICLE,Sylvan Hills,-84.41848,33.70576
152510705,9/7/15,21:30:00,640,Morn,Tue,LARCENY-FROM VEHICLE,Piedmont Heights,-84.37025,33.8103
152510830,9/7/15,19:30:00,640,Eve,Mon,LARCENY-FROM VEHICLE,NULL,-84.48579,33.75517
152510871,9/7/15,22:30:00,710,Morn,Tue,AUTO THEFT,Sylvan Hills,-84.41803,33.70008
152511167,9/7/15,12:00:00,670,Unk,Mon,LARCENY-NON VEHICLE,Vine City,-84.41419,33.75783
152511312,9/7/15,2:00:00,640,Unk,Mon,LARCENY-FROM VEHICLE,Mechanicsville,-84.40246,33.73886
152511549,9/7/15,0:01:00,511,Unk,Mon,BURGLARY-RESIDENCE,Pittsburgh,-84.40094,33.72338
152511553,9/7/15,17:00:00,690,Unk,Tue,LARCENY-NON VEHICLE,Kirkwood,-84.3212,33.7502
152511870,9/7/15,15:00:00,710,Eve,Mon,AUTO THEFT,Hammond Park,-84.39962,33.67665
152512029,9/7/15,23:00:00,521,Unk,Tue,BURGLARY-RESIDENCE,Adamsville,-84.50385,33.75078
152520937,9/7/15,21:00:00,512,Morn,Mon,BURGLARY-NONRES,Midtown,-84.38716,33.77933
152521561,9/7/15,0:00:00,640,Unk,Unk,LARCENY-FROM VEHICLE,Virginia Highland,-84.36691,33.78138
152521715,9/7/15,21:00:00,440,Eve,Mon,AGG ASSAULT,Berkeley Park,-84.40791,33.80121
152312399,9/6/15,15:00:00,670,Eve,Sun,LARCENY-NON VEHICLE,Downtown,-84.39083,33.7644
152490012,9/6/15,0:00:00,410,Morn,Sun,AGG ASSAULT,Sylvan Hills,-84.40946,33.6992
152490151,9/6/15,0:45:00,311,Morn,Sun,ROBBERY-PEDESTRIAN,Lakewood Heights,-84.39915,33.70213
152490209,9/6/15,1:23:00,640,Morn,Sun,LARCENY-FROM VEHICLE,Grove Park,-84.4532,33.76571
152490239,9/6/15,0:25:00,430,Morn,Sun,AGG ASSAULT,Sylvan Hills,-84.40772,33.70307
152490300,9/6/15,2:08:00,690,Morn,Sun,LARCENY-NON VEHICLE,Sweet Auburn,-84.37554,33.75436
152490347,9/6/15,0:00:00,710,Morn,Sun,AUTO THEFT,Midtown,-84.38583,33.77508
152490437,9/6/15,3:00:00,640,Morn,Sun,LARCENY-FROM VEHICLE,Perkerson,-84.40722,33.68379
152490484,9/6/15,1:00:00,710,Morn,Sun,AUTO THEFT,Harris Chiles,-84.41974,33.74546
152490526,9/6/15,2:30:00,640,Morn,Sun,LARCENY-FROM VEHICLE,Mechanicsville,-84.39567,33.73929
152490531,9/6/15,4:15:00,710,Morn,Sun,AUTO THEFT,The Villages at Carver,-84.39276,33.71691
152490571,9/6/15,5:12:00,670,Morn,Sun,LARCENY-NON VEHICLE,Downtown,-84.38496,33.76158
152490625,9/6/15,6:05:00,410,Morn,Sun,AGG ASSAULT,Center Hill,-84.47042,33.77544
152490627,9/6/15,5:45:00,640,Morn,Sun,LARCENY-FROM VEHICLE,Fairburn Mays,-84.51059,33.73454
152490661,9/6/15,1:00:00,710,Morn,Sun,AUTO THEFT,Westwood Terrace,-84.44926,33.73434
152490712,9/6/15,6:00:00,640,Day,Sun,LARCENY-FROM VEHICLE,Princeton Lakes,-84.5109,33.65573
152490720,9/6/15,8:10:00,650,Day,Sun,LARCENY-FROM VEHICLE,South River Gardens,-84.3511,33.65991
152490839,9/6/15,6:30:00,710,Morn,Sun,AUTO THEFT,Lindbergh/Morosgo,-84.36241,33.82055
152490977,9/6/15,0:50:00,710,Morn,Sun,AUTO THEFT,Sylvan Hills,-84.41748,33.69958
152491015,9/6/15,11:50:00,640,Day,Sun,LARCENY-FROM VEHICLE,Hills Park,-84.43932,33.80265
152491028,9/6/15,2:00:00,640,Day,Sun,LARCENY-FROM VEHICLE,Downtown,-84.38434,33.75756
152491185,9/6/15,13:20:00,690,Day,Sun,LARCENY-NON VEHICLE,Perkerson,-84.40785,33.68199
152491207,9/6/15,13:30:00,630,Day,Sun,LARCENY-NON VEHICLE,North Buckhead,-84.3645,33.85209
152491231,9/6/15,6:00:00,710,Morn,Sun,AUTO THEFT,Mozley Park,-84.43254,33.74909
152491249,9/6/15,11:45:00,640,Day,Sun,LARCENY-FROM VEHICLE,East Lake,-84.29315,33.74022
152491258,9/6/15,12:00:00,640,Day,Sun,LARCENY-FROM VEHICLE,Midtown,-84.38227,33.78559
152491269,9/6/15,6:00:00,640,Morn,Sun,LARCENY-FROM VEHICLE,Lindbergh/Morosgo,-84.36535,33.82561
152491278,9/6/15,1:00:00,311,Morn,Sun,ROBBERY-PEDESTRIAN,Sweet Auburn,-84.37374,33.75161
152491300,9/6/15,14:15:00,341,Day,Sun,ROBBERY-PEDESTRIAN,NULL,-84.44453,33.711
152491303,9/6/15,8:00:00,640,Day,Sun,LARCENY-FROM VEHICLE,Dixie Hills,-84.45695,33.75653
152491312,9/6/15,14:31:00,531,Day,Sun,BURGLARY-RESIDENCE,Ormewood Park,-84.3542,33.73291
152491347,9/6/15,14:45:00,650,Eve,Sun,LARCENY-FROM VEHICLE,Perkerson,-84.40575,33.68396
152491349,9/6/15,14:20:00,630,Day,Sun,LARCENY-NON VEHICLE,Berkeley Park,-84.41278,33.80388
152491359,9/6/15,14:45:00,640,Day,Sun,LARCENY-FROM VEHICLE,Greenbriar,-84.4872,33.69168
152491385,9/6/15,15:03:00,511,Eve,Sun,BURGLARY-RESIDENCE,Capitol View Manor,-84.40342,33.717
152491394,9/6/15,12:30:00,640,Day,Sun,LARCENY-FROM VEHICLE,Peachtree Heights West,-84.38627,33.84192
152491415,9/6/15,2:00:00,710,Day,Sun,AUTO THEFT,English Avenue,-84.41096,33.766
152491429,9/6/15,15:18:00,630,Eve,Sun,LARCENY-NON VEHICLE,Center Hill,-84.47236,33.7762
152491461,9/6/15,14:00:00,410,Day,Sun,AGG ASSAULT,Washington Park,-84.42023,33.75729
152491596,9/6/15,11:30:00,640,Day,Sun,LARCENY-FROM VEHICLE,Midtown,-84.3737,33.78142
152491606,9/6/15,15:00:00,640,Eve,Sun,LARCENY-FROM VEHICLE,West Highlands,-84.44947,33.79214
152491673,9/6/15,16:24:00,630,Eve,Sun,LARCENY-NON VEHICLE,North Buckhead,-84.3645,33.85209
152491754,9/6/15,14:00:00,710,Eve,Sun,AUTO THEFT,Castleberry Hill,-84.40161,33.74949
152491790,9/6/15,10:45:00,710,Day,Sun,AUTO THEFT,Poncey-Highland,-84.36414,33.77296
152491809,9/6/15,17:44:00,690,Eve,Sun,LARCENY-NON VEHICLE,West End,-84.4168,33.74057
152491823,9/6/15,16:45:00,640,Eve,Sun,LARCENY-FROM VEHICLE,West End,-84.41671,33.74053
152491846,9/6/15,17:56:00,650,Eve,Sun,LARCENY-FROM VEHICLE,Oakland City,-84.42649,33.71989
152491897,9/6/15,18:05:00,710,Eve,Sun,AUTO THEFT,NULL,-84.51291,33.6889
152491980,9/6/15,16:00:00,710,Eve,Sun,AUTO THEFT,Adair Park,-84.41237,33.72482
152492119,9/6/15,19:40:00,341,Eve,Sun,ROBBERY-PEDESTRIAN,Venetian Hills,-84.45373,33.70876
152492136,9/6/15,17:49:00,342,Eve,Sun,ROBBERY-COMMERCIAL,Glenrose Heights,-84.39573,33.68012
152492178,9/6/15,19:30:00,640,Eve,Sun,LARCENY-FROM VEHICLE,Virginia Highland,-84.35269,33.77614
152492272,9/6/15,20:00:00,640,Eve,Sun,LARCENY-FROM VEHICLE,Old Fourth Ward,-84.36492,33.76142
152492304,9/6/15,8:20:00,690,Day,Sun,LARCENY-NON VEHICLE,Fort Valley,-84.45149,33.70055
152492308,9/6/15,20:00:00,640,Eve,Sun,LARCENY-FROM VEHICLE,North Buckhead,-84.36116,33.85252
152492342,9/6/15,20:15:00,311,Eve,Sun,ROBBERY-PEDESTRIAN,Cabbagetown,-84.36586,33.7485
152492348,9/6/15,7:00:00,640,Day,Sun,LARCENY-FROM VEHICLE,Grove Park,-84.44883,33.76726
152492388,9/6/15,21:00:00,311,Eve,Sun,ROBBERY-PEDESTRIAN,Benteen Park,-84.36818,33.71744
152492407,9/6/15,20:30:00,710,Eve,Sun,AUTO THEFT,Sylvan Hills,-84.42678,33.70137
152492415,9/6/15,21:00:00,630,Eve,Sun,LARCENY-NON VEHICLE,Lenox,-84.35907,33.8449
152492440,9/6/15,20:30:00,640,Eve,Sun,LARCENY-FROM VEHICLE,Inman Park,-84.3497,33.76377
152492464,9/6/15,14:30:00,710,Eve,Sun,AUTO THEFT,Perkerson,-84.41435,33.68557
152492479,9/6/15,21:30:00,670,Eve,Sun,LARCENY-NON VEHICLE,Downtown,-84.38672,33.76152
152492487,9/6/15,21:37:00,630,Eve,Sun,LARCENY-NON VEHICLE,Berkeley Park,-84.41278,33.80388
152492630,9/6/15,16:00:00,511,Eve,Sun,BURGLARY-RESIDENCE,Collier Hills,-84.40738,33.80961
152498033,9/6/15,10:30:00,670,Day,Sun,LARCENY-NON VEHICLE,NULL,-84.42932,33.64065
152500038,9/6/15,23:00:00,640,Morn,Sun,LARCENY-FROM VEHICLE,Adamsville,-84.49916,33.75443
152500042,9/6/15,16:30:00,650,Eve,Sun,LARCENY-FROM VEHICLE,Druid Hills,-84.34432,33.77612
152500178,9/6/15,19:00:00,710,Eve,Sun,AUTO THEFT,Mechanicsville,-84.39442,33.74114
152500215,9/6/15,23:30:00,640,Morn,Mon,LARCENY-FROM VEHICLE,Downtown,-84.38429,33.76051
152500347,9/6/15,21:00:00,640,Morn,Sun,LARCENY-FROM VEHICLE,Buckhead Forest,-84.3793,33.84366
152500401,9/6/15,23:00:00,640,Morn,Mon,LARCENY-FROM VEHICLE,Harland Terrace,-84.4857,33.75177
152500497,9/6/15,19:30:00,710,Morn,Mon,AUTO THEFT,Mechanicsville,-84.39675,33.74267
152500589,9/6/15,17:00:00,440,Morn,Mon,AGG ASSAULT,Riverside,-84.47409,33.8082
152500612,9/6/15,21:00:00,512,Morn,Mon,BURGLARY-NONRES,Harland Terrace,-84.47405,33.75377
152500686,9/6/15,18:45:00,720,Eve,Sun,AUTO THEFT,Grove Park,-84.44571,33.7682
152500707,9/6/15,21:00:00,710,Morn,Mon,AUTO THEFT,Pittsburgh,-84.40177,33.73396
152500832,9/6/15,17:00:00,710,Morn,Sun,AUTO THEFT,Westview,-84.44612,33.73712
152500869,9/6/15,23:00:00,690,Morn,Mon,LARCENY-NON VEHICLE,Fort Valley,-84.45149,33.70055
152500973,9/6/15,11:00:00,511,Unk,Sun,BURGLARY-RESIDENCE,East Chastain Park,-84.38199,33.8628
152501034,9/6/15,19:00:00,640,Unk,Mon,LARCENY-FROM VEHICLE,Collier Heights,-84.48845,33.78147
152501087,9/6/15,18:30:00,710,Unk,Mon,AUTO THEFT,Polar Rock,-84.39381,33.69328
152501122,9/6/15,23:30:00,640,Morn,Mon,LARCENY-FROM VEHICLE,Home Park,-84.40924,33.78225
152501125,9/6/15,18:31:00,650,Unk,Mon,LARCENY-FROM VEHICLE,Sylvan Hills,-84.41017,33.70278
152501212,9/6/15,16:30:00,640,Unk,Mon,LARCENY-FROM VEHICLE,Virginia Highland,-84.34733,33.7797
152501288,9/6/15,21:30:00,670,Unk,Mon,LARCENY-NON VEHICLE,Peachtree Heights West,-84.38422,33.83846
152501405,9/6/15,17:00:00,720,Unk,Mon,AUTO THEFT,Vine City,-84.41629,33.756
152501809,9/6/15,23:00:00,511,Unk,Mon,BURGLARY-RESIDENCE,Ashview Heights,-84.42335,33.75097
152502314,9/6/15,18:30:00,640,Eve,Sun,LARCENY-FROM VEHICLE,Morningside/Lenox Park,-84.36122,33.80952
152510542,9/6/15,2:45:00,522,Morn,Sun,BURGLARY-NONRES,Woodland Hills,-84.34979,33.72354
152510763,9/6/15,22:00:00,511,Eve,Sun,BURGLARY-RESIDENCE,Grove Park,-84.43825,33.76699
152511993,9/6/15,22:00:00,640,Morn,Mon,LARCENY-FROM VEHICLE,Midtown,-84.3853,33.78464
152512714,9/6/15,23:00:00,210,Morn,Mon,RAPE,Dixie Hills,-84.45106,33.76133
152522468,9/6/15,19:30:00,640,Unk,Unk,LARCENY-FROM VEHICLE,East Lake,-84.29282,33.75045
152528025,9/6/15,12:30:00,690,Day,Sun,LARCENY-NON VEHICLE,NULL,-84.42932,33.64065
152472912,9/5/15,20:25:00,670,Eve,Sat,LARCENY-NON VEHICLE,Lenox,-84.36212,33.84676
152473135,9/5/15,22:00:00,420,Eve,Sat,AGG ASSAULT,Midtown,-84.38403,33.77901
152480102,9/5/15,0:39:00,311,Morn,Sat,ROBBERY-PEDESTRIAN,Underwood Hills,-84.43402,33.80989
152480307,9/5/15,2:07:00,512,Morn,Sat,BURGLARY-NONRES,West End,-84.41519,33.73374
152480325,9/5/15,0:01:00,720,Morn,Sat,AUTO THEFT,Center Hill,-84.46976,33.76633
152480327,9/5/15,2:15:00,311,Morn,Sat,ROBBERY-PEDESTRIAN,East Atlanta,-84.34586,33.74085
152480351,9/5/15,2:00:00,410,Morn,Sat,AGG ASSAULT,Lindridge/Martin Manor,-84.35198,33.82367
152480369,9/5/15,2:41:00,640,Morn,Sat,LARCENY-FROM VEHICLE,South Tuxedo Park,-84.3806,33.84101
152480389,9/5/15,2:51:00,690,Morn,Sat,LARCENY-NON VEHICLE,Downtown,-84.38496,33.76158
152480413,9/5/15,3:06:00,640,Morn,Sat,LARCENY-FROM VEHICLE,Old Fourth Ward,-84.36952,33.75406
152480418,9/5/15,0:50:00,640,Morn,Sat,LARCENY-FROM VEHICLE,Pittsburgh,-84.40518,33.73669
152480428,9/5/15,1:00:00,210,Morn,Sat,RAPE,Center Hill,-84.47116,33.77007
152480433,9/5/15,3:08:00,420,Morn,Sat,AGG ASSAULT,Pittsburgh,-84.39833,33.72229
152480483,9/5/15,0:30:00,640,Morn,Sat,LARCENY-FROM VEHICLE,Sweet Auburn,-84.37107,33.75149
152480514,9/5/15,3:55:00,512,Morn,Sat,BURGLARY-NONRES,Grant Park,-84.37318,33.74626
152480567,9/5/15,4:35:00,341,Morn,Sat,ROBBERY-PEDESTRIAN,Midtown,-84.38299,33.77679
152480603,9/5/15,0:00:00,650,Morn,Sat,LARCENY-FROM VEHICLE,Midtown,-84.38975,33.77487
152480660,9/5/15,1:00:00,640,Morn,Sat,LARCENY-FROM VEHICLE,West End,-84.4291,33.73753
152480665,9/5/15,1:30:00,511,Morn,Sat,BURGLARY-RESIDENCE,East Lake,-84.29163,33.74592
152480716,9/5/15,0:50:00,640,Morn,Sat,LARCENY-FROM VEHICLE,Old Fourth Ward,-84.36513,33.7586
152480785,9/5/15,8:18:00,341,Day,Sat,ROBBERY-PEDESTRIAN,NULL,-84.51277,33.69067
152480825,9/5/15,0:00:00,640,Morn,Sat,LARCENY-FROM VEHICLE,Kirkwood,-84.31687,33.75803
152480850,9/5/15,3:00:00,640,Morn,Sat,LARCENY-FROM VEHICLE,West End,-84.42252,33.7357
152480862,9/5/15,9:30:00,315,Day,Sat,ROBBERY-RESIDENCE,Fairburn Mays,-84.51348,33.73394
152480869,9/5/15,9:40:00,430,Day,Sat,AGG ASSAULT,Grove Park,-84.45599,33.78506
152480884,9/5/15,9:42:00,410,Day,Sat,AGG ASSAULT,Lincoln Homes,-84.47855,33.79934
152480924,9/5/15,10:18:00,710,Day,Sat,AUTO THEFT,Lindbergh/Morosgo,-84.36847,33.82226
152480940,9/5/15,0:00:00,650,Morn,Sat,LARCENY-FROM VEHICLE,Home Park,-84.39942,33.78592
152480943,9/5/15,8:15:00,660,Day,Sat,LARCENY-NON VEHICLE,Candler Park,-84.34884,33.76522
152481009,9/5/15,0:00:00,640,Morn,Sat,LARCENY-FROM VEHICLE,Cabbagetown,-84.36457,33.75041
152481029,9/5/15,9:30:00,640,Day,Sat,LARCENY-FROM VEHICLE,Blandtown,-84.42575,33.79579
152481082,9/5/15,11:51:00,630,Day,Sat,LARCENY-NON VEHICLE,Lenox,-84.36212,33.84676
152481090,9/5/15,0:00:00,640,Morn,Sat,LARCENY-FROM VEHICLE,Old Fourth Ward,-84.3712,33.75234
152481121,9/5/15,2:00:00,660,Morn,Sat,LARCENY-NON VEHICLE,Home Park,-84.40107,33.78352
152481189,9/5/15,11:35:00,640,Day,Sat,LARCENY-FROM VEHICLE,Adamsville,-84.50557,33.76011
152481246,9/5/15,13:00:00,640,Day,Sat,LARCENY-FROM VEHICLE,Poncey-Highland,-84.35274,33.77082
152481249,9/5/15,1:00:00,650,Day,Sat,LARCENY-FROM VEHICLE,East Atlanta,-84.33418,33.73111
152481254,9/5/15,9:30:00,610,Day,Sat,LARCENY-NON VEHICLE,Downtown,-84.39459,33.74816
152481257,9/5/15,13:33:00,690,Day,Sat,LARCENY-NON VEHICLE,Downtown,-84.38837,33.75943
152481299,9/5/15,13:15:00,640,Day,Sat,LARCENY-FROM VEHICLE,Buckhead Forest,-84.38188,33.8509
152481305,9/5/15,13:55:00,640,Day,Sat,LARCENY-FROM VEHICLE,Midtown,-84.37686,33.78152
152481346,9/5/15,14:00:00,620,Day,Sat,LARCENY-NON VEHICLE,Mechanicsville,-84.39376,33.73656
152481403,9/5/15,14:30:00,620,Day,Sat,LARCENY-NON VEHICLE,Downtown,-84.38986,33.75359
152481456,9/5/15,14:30:00,630,Day,Sat,LARCENY-NON VEHICLE,Berkeley Park,-84.41278,33.80388
152481469,9/5/15,14:46:00,630,Day,Sat,LARCENY-NON VEHICLE,North Buckhead,-84.36278,33.85302
152481516,9/5/15,14:52:00,620,Day,Sat,LARCENY-NON VEHICLE,Lenox,-84.36212,33.84676
152481519,9/5/15,15:28:00,710,Eve,Sat,AUTO THEFT,Grove Park,-84.45125,33.76731
152481574,9/5/15,15:30:00,630,Eve,Sat,LARCENY-NON VEHICLE,Atlantic Station,-84.39921,33.79303
152481591,9/5/15,12:00:00,710,Day,Sat,AUTO THEFT,NULL,-84.51168,33.68854
152481669,9/5/15,16:09:00,710,Eve,Sat,AUTO THEFT,Ashview Heights,-84.42057,33.74647
152481679,9/5/15,14:00:00,640,Eve,Sat,LARCENY-FROM VEHICLE,Old Fourth Ward,-84.36628,33.75599
152481737,9/5/15,12:00:00,610,Day,Sat,LARCENY-NON VEHICLE,Downtown,-84.38755,33.76226
152481757,9/5/15,15:27:00,690,Eve,Sat,LARCENY-NON VEHICLE,East Chastain Park,-84.38125,33.85918
152481860,9/5/15,16:40:00,640,Eve,Sat,LARCENY-FROM VEHICLE,Virginia Highland,-84.35509,33.78253
152481865,9/5/15,16:40:00,630,Eve,Sat,LARCENY-NON VEHICLE,Berkeley Park,-84.41278,33.80388
152481877,9/5/15,9:00:00,710,Day,Sat,AUTO THEFT,Perkerson,-84.41569,33.6858
152481903,9/5/15,17:00:00,630,Eve,Sat,LARCENY-NON VEHICLE,Edgewood,-84.34619,33.75674
152481930,9/5/15,12:45:00,640,Day,Sat,LARCENY-FROM VEHICLE,Midtown,-84.38403,33.77901
152481942,9/5/15,17:10:00,640,Eve,Sat,LARCENY-FROM VEHICLE,Capitol View,-84.41314,33.71208
152482054,9/5/15,8:30:00,640,Day,Sat,LARCENY-FROM VEHICLE,Downtown,-84.38606,33.75969
152482089,9/5/15,18:10:00,640,Eve,Sat,LARCENY-FROM VEHICLE,Poncey-Highland,-84.36187,33.77361
152482143,9/5/15,18:12:00,630,Eve,Sat,LARCENY-NON VEHICLE,Berkeley Park,-84.41278,33.80388
152482187,9/5/15,18:53:00,420,Eve,Sat,AGG ASSAULT,Adamsville,-84.50389,33.75811
152482206,9/5/15,16:25:00,630,Eve,Sat,LARCENY-NON VEHICLE,Lenox,-84.36212,33.84676
152482223,9/5/15,19:00:00,630,Eve,Sat,LARCENY-NON VEHICLE,Berkeley Park,-84.41278,33.80388
152482285,9/5/15,10:00:00,660,Day,Sat,LARCENY-NON VEHICLE,Downtown,-84.38036,33.75503
152482296,9/5/15,3:45:00,670,Morn,Sat,LARCENY-NON VEHICLE,East Atlanta,-84.34643,33.74006
152482312,9/5/15,16:00:00,640,Eve,Sat,LARCENY-FROM VEHICLE,Sylvan Hills,-84.41017,33.70278
152482321,9/5/15,11:00:00,640,Eve,Sat,LARCENY-FROM VEHICLE,Summerhill,-84.39127,33.73405
152482346,9/5/15,2:30:00,640,Unk,Sat,LARCENY-FROM VEHICLE,Downtown,-84.38948,33.75328
152482385,9/5/15,16:00:00,690,Eve,Sat,LARCENY-NON VEHICLE,NULL,-84.45237,33.75014
152482386,9/5/15,20:06:00,710,Eve,Sat,AUTO THEFT,Lenox,-84.36212,33.84676
152482401,9/5/15,20:00:00,640,Eve,Sat,LARCENY-FROM VEHICLE,Midtown,-84.3805,33.77482
152482481,9/5/15,20:10:00,630,Eve,Sat,LARCENY-NON VEHICLE,Lenox,-84.36212,33.84676
152482565,9/5/15,20:45:00,690,Eve,Sat,LARCENY-NON VEHICLE,Buckhead Village,-84.37057,33.84088
152482600,9/5/15,21:15:00,640,Eve,Sat,LARCENY-FROM VEHICLE,Berkeley Park,-84.41278,33.80388
152482605,9/5/15,19:45:00,640,Eve,Sat,LARCENY-FROM VEHICLE,Kirkwood,-84.31635,33.76411
152482627,9/5/15,19:15:00,640,Eve,Sat,LARCENY-FROM VEHICLE,Lindridge/Martin Manor,-84.3513,33.81906
152482681,9/5/15,11:00:00,640,Eve,Sat,LARCENY-FROM VEHICLE,Summerhill,-84.39127,33.73405
152482694,9/5/15,21:45:00,710,Eve,Sat,AUTO THEFT,Lindbergh/Morosgo,-84.36241,33.82055
152482696,9/5/15,12:00:00,511,Eve,Sat,BURGLARY-RESIDENCE,Vine City,-84.41419,33.75805
152482763,9/5/15,19:00:00,710,Eve,Sat,AUTO THEFT,The Villages at Carver,-84.39103,33.71377
152482826,9/5/15,20:00:00,640,Eve,Sat,LARCENY-FROM VEHICLE,Midtown,-84.37953,33.78436
152482831,9/5/15,22:10:00,521,Eve,Sat,BURGLARY-RESIDENCE,Sylvan Hills,-84.41373,33.70856
152483035,9/5/15,0:01:00,640,Day,Sat,LARCENY-FROM VEHICLE,Channing Valley,-84.40825,33.80506
152483082,9/5/15,23:30:00,410,Morn,Sat,AGG ASSAULT,Lincoln Homes,-84.48077,33.79947
152483104,9/5/15,22:23:00,640,Morn,Sat,LARCENY-FROM VEHICLE,Grove Park,-84.44666,33.76677
152490075,9/5/15,21:40:00,640,Eve,Sat,LARCENY-FROM VEHICLE,Morningside/Lenox Park,-84.36827,33.79642
152490081,9/5/15,23:00:00,640,Morn,Sat,LARCENY-FROM VEHICLE,Castleberry Hill,-84.4037,33.7476
152490188,9/5/15,13:00:00,511,Eve,Sat,BURGLARY-RESIDENCE,Joyland,-84.39805,33.71408
152490392,9/5/15,19:40:00,640,Eve,Sat,LARCENY-FROM VEHICLE,Lenox,-84.36212,33.84676
152490398,9/5/15,23:25:00,640,Morn,Sun,LARCENY-FROM VEHICLE,Home Park,-84.41198,33.78226
152490523,9/5/15,13:15:00,640,Eve,Sat,LARCENY-FROM VEHICLE,East Chastain Park,-84.381,33.85868
152490534,9/5/15,22:50:00,511,Morn,Sun,BURGLARY-RESIDENCE,Ben Hill Terrace,-84.52076,33.69609
152490645,9/5/15,0:00:00,710,Morn,Sat,AUTO THEFT,Mechanicsville,-84.39855,33.73617
152490667,9/5/15,19:00:00,640,Morn,Sun,LARCENY-FROM VEHICLE,Whittier Mill Village,-84.47918,33.81258
152490673,9/5/15,21:00:00,660,Morn,Sun,LARCENY-NON VEHICLE,Druid Hills,-84.33499,33.77846
152490708,9/5/15,22:05:00,521,Eve,Sat,BURGLARY-RESIDENCE,Ashley Courts,-84.52315,33.71771
152490912,9/5/15,22:00:00,640,Morn,Sun,LARCENY-FROM VEHICLE,South Atlanta,-84.38573,33.7165
152490917,9/5/15,11:00:00,690,Day,Sat,LARCENY-NON VEHICLE,English Avenue,-84.41514,33.78022
152490948,9/5/15,19:00:00,640,Morn,Sun,LARCENY-FROM VEHICLE,Summerhill,-84.39127,33.73405
152490987,9/5/15,17:00:00,511,Eve,Sat,BURGLARY-RESIDENCE,Washington Park,-84.41895,33.7598
152491141,9/5/15,22:30:00,710,Morn,Sun,AUTO THEFT,Whittier Mill Village,-84.47912,33.8126
152491217,9/5/15,10:00:00,640,Unk,Sat,LARCENY-FROM VEHICLE,West End,-84.42763,33.74154
152491251,9/5/15,0:00:00,720,Unk,Sat,AUTO THEFT,Knight Park/Howell Station,-84.42409,33.78532
152491341,9/5/15,2:00:00,670,Morn,Sat,LARCENY-NON VEHICLE,Piedmont Heights,-84.37025,33.79592
152491544,9/5/15,21:00:00,710,Unk,Sun,AUTO THEFT,Sweet Auburn,-84.37309,33.75275
152491684,9/5/15,21:00:00,430,Eve,Sat,AGG ASSAULT,Harland Terrace,-84.47429,33.75277
152510831,9/5/15,0:50:00,690,Unk,Sat,LARCENY-NON VEHICLE,Summerhill,-84.3838,33.74177
152511335,9/5/15,19:00:00,690,Unk,Unk,LARCENY-NON VEHICLE,Blandtown,-84.41854,33.78819
152511451,9/5/15,11:30:00,640,Unk,Unk,LARCENY-FROM VEHICLE,Poncey-Highland,-84.36351,33.77343
152528024,9/5/15,8:30:00,670,Day,Sat,LARCENY-NON VEHICLE,NULL,-84.43591,33.64065
152470098,9/4/15,0:30:00,311,Morn,Fri,ROBBERY-PEDESTRIAN,Midtown,-84.38082,33.77775
152470213,9/4/15,0:00:00,720,Morn,Fri,AUTO THEFT,Old Fourth Ward,-84.37126,33.75366
152470255,9/4/15,2:00:00,512,Morn,Fri,BURGLARY-NONRES,Midtown,-84.38817,33.7847
152470272,9/4/15,2:00:00,650,Morn,Fri,LARCENY-FROM VEHICLE,NULL,-84.44621,33.82066
152470394,9/4/15,3:24:00,512,Morn,Fri,BURGLARY-NONRES,Lindridge/Martin Manor,-84.35347,33.81341
152470513,9/4/15,4:34:00,317,Morn,Fri,ROBBERY-PEDESTRIAN,Garden Hills,-84.38123,33.83521
152470563,9/4/15,5:00:00,311,Morn,Fri,ROBBERY-PEDESTRIAN,South Atlanta,-84.38124,33.71662
152470597,9/4/15,0:50:00,690,Morn,Fri,LARCENY-NON VEHICLE,Peoplestown,-84.39107,33.72181
152470607,9/4/15,6:04:00,620,Morn,Fri,LARCENY-NON VEHICLE,Adams Park,-84.46348,33.72239
152470649,9/4/15,0:00:00,532,Morn,Fri,BURGLARY-NONRES,Betmar LaVilla,-84.39374,33.70894
152470676,9/4/15,5:00:00,640,Morn,Fri,LARCENY-FROM VEHICLE,Cross Creek,-84.42548,33.81519
152470772,9/4/15,5:00:00,640,Morn,Fri,LARCENY-FROM VEHICLE,Sylvan Hills,-84.42129,33.70968
152470863,9/4/15,1:00:00,710,Morn,Fri,AUTO THEFT,Kirkwood,-84.32602,33.74975
152470897,9/4/15,8:00:00,311,Day,Fri,ROBBERY-PEDESTRIAN,Briar Glen,-84.50411,33.69565
152471027,9/4/15,9:49:00,630,Unk,Unk,LARCENY-NON VEHICLE,Vine City,-84.41457,33.75504
152471118,9/4/15,10:00:00,640,Day,Fri,LARCENY-FROM VEHICLE,NULL,-84.42781,33.84529
152471248,9/4/15,11:30:00,430,Day,Fri,AGG ASSAULT,Sylvan Hills,-84.41748,33.69958
152471398,9/4/15,12:25:00,640,Day,Fri,LARCENY-FROM VEHICLE,NULL,-84.39583,33.81
152471434,9/4/15,12:00:00,640,Day,Fri,LARCENY-FROM VEHICLE,Grant Park,-84.36792,33.7391
152471487,9/4/15,9:00:00,511,Day,Fri,BURGLARY-RESIDENCE,Chalet Woods,-84.47549,33.74431
152471557,9/4/15,13:40:00,640,Day,Fri,LARCENY-FROM VEHICLE,Carey Park,-84.46814,33.78871
152471589,9/4/15,13:00:00,640,Day,Fri,LARCENY-FROM VEHICLE,Buckhead Village,-84.37007,33.8399
152471748,9/4/15,13:15:00,670,Day,Fri,LARCENY-NON VEHICLE,Downtown,-84.38314,33.76157
152471761,9/4/15,11:45:00,640,Day,Fri,LARCENY-FROM VEHICLE,Downtown,-84.38092,33.75563
152471799,9/4/15,15:00:00,410,Eve,Fri,AGG ASSAULT,Carey Park,-84.46808,33.78275
152471827,9/4/15,14:15:00,640,Day,Fri,LARCENY-FROM VEHICLE,Sylvan Hills,-84.41017,33.70278
152471836,9/4/15,15:30:00,511,Eve,Fri,BURGLARY-RESIDENCE,Sylvan Hills,-84.41635,33.71411
152471903,9/4/15,16:00:00,660,Eve,Fri,LARCENY-NON VEHICLE,Downtown,-84.39518,33.76655
152471943,9/4/15,16:00:00,630,Eve,Fri,LARCENY-NON VEHICLE,Lindbergh/Morosgo,-84.36328,33.82403
152471962,9/4/15,12:00:00,640,Day,Fri,LARCENY-FROM VEHICLE,Downtown,-84.39043,33.75369
152471996,9/4/15,13:30:00,640,Day,Fri,LARCENY-FROM VEHICLE,Greenbriar,-84.4872,33.69168
152472158,9/4/15,17:00:00,630,Eve,Fri,LARCENY-NON VEHICLE,Center Hill,-84.47236,33.7762
152472166,9/4/15,16:30:00,630,Eve,Fri,LARCENY-NON VEHICLE,Lindbergh/Morosgo,-84.36532,33.82742
152472211,9/4/15,17:05:00,630,Eve,Fri,LARCENY-NON VEHICLE,Vine City,-84.41457,33.75504
152472251,9/4/15,8:50:00,690,Day,Fri,LARCENY-NON VEHICLE,Glenrose Heights,-84.39526,33.66668
152472330,9/4/15,7:30:00,511,Day,Fri,BURGLARY-RESIDENCE,Benteen Park,-84.36427,33.71235
152472356,9/4/15,18:06:00,315,Eve,Fri,ROBBERY-RESIDENCE,Campbellton Road,-84.45279,33.70316
152472418,9/4/15,18:22:00,630,Eve,Fri,LARCENY-NON VEHICLE,Lindbergh/Morosgo,-84.36328,33.82403
152472499,9/4/15,18:45:00,670,Eve,Fri,LARCENY-NON VEHICLE,Downtown,-84.39133,33.75186
152472510,9/4/15,16:30:00,640,Eve,Fri,LARCENY-FROM VEHICLE,Brandon,-84.42412,33.83134
152472532,9/4/15,18:40:00,640,Eve,Fri,LARCENY-FROM VEHICLE,Marietta Street Artery,-84.40403,33.77331
152472578,9/4/15,18:10:00,640,Eve,Fri,LARCENY-FROM VEHICLE,Marietta Street Artery,-84.40791,33.77714
152472592,9/4/15,19:10:00,630,Eve,Fri,LARCENY-NON VEHICLE,Greenbriar,-84.49773,33.68677
152472605,9/4/15,19:23:00,311,Eve,Fri,ROBBERY-PEDESTRIAN,NULL,-84.44815,33.81916
152472620,9/4/15,11:00:00,710,Eve,Fri,AUTO THEFT,Downtown,-84.38878,33.76322
152472645,9/4/15,19:00:00,630,Eve,Fri,LARCENY-NON VEHICLE,Lenox,-84.36212,33.84676
152472724,9/4/15,5:00:00,690,Morn,Fri,LARCENY-NON VEHICLE,West Lake,-84.44515,33.75961
152472779,9/4/15,20:21:00,640,Eve,Fri,LARCENY-FROM VEHICLE,NULL,-84.51291,33.6889
152472797,9/4/15,20:00:00,650,Eve,Fri,LARCENY-FROM VEHICLE,Fairburn Mays,-84.50997,33.74107
152472939,9/4/15,21:00:00,410,Eve,Fri,AGG ASSAULT,Collier Heights,-84.47365,33.77063
152472972,9/4/15,21:15:00,710,Eve,Fri,AUTO THEFT,Midtown,-84.38959,33.78697
152473011,9/4/15,21:16:00,710,Eve,Fri,AUTO THEFT,Peachtree Park,-84.36899,33.83988
152473021,9/4/15,19:00:00,690,Eve,Fri,LARCENY-NON VEHICLE,Downtown,-84.39568,33.76206
152473036,9/4/15,21:30:00,640,Eve,Fri,LARCENY-FROM VEHICLE,Home Park,-84.39991,33.78791
152473147,9/4/15,22:11:00,311,Eve,Fri,ROBBERY-PEDESTRIAN,Old Fourth Ward,-84.36061,33.76466
152473237,9/4/15,22:36:00,410,Unk,Sat,AGG ASSAULT,Midtown,-84.36968,33.77936
152473286,9/4/15,22:50:00,440,Eve,Fri,AGG ASSAULT,Westview,-84.43707,33.73439
152473358,9/4/15,21:00:00,640,Eve,Fri,LARCENY-FROM VEHICLE,NULL,-84.39195,33.81262
152473392,9/4/15,23:20:00,341,Morn,Fri,ROBBERY-PEDESTRIAN,NULL,-84.42395,33.81223
152478056,9/4/15,15:09:00,690,Eve,Fri,LARCENY-NON VEHICLE,NULL,-84.4477,33.64184
152480019,9/4/15,23:56:00,710,Morn,Sat,AUTO THEFT,Pittsburgh,-84.40419,33.72832
152480085,9/4/15,23:00:00,640,Morn,Fri,LARCENY-FROM VEHICLE,Perkerson,-84.40722,33.68379
152480136,9/4/15,18:00:00,640,Eve,Fri,LARCENY-FROM VEHICLE,Midtown,-84.3873,33.77754
152480408,9/4/15,21:00:00,640,Eve,Fri,LARCENY-FROM VEHICLE,Midtown,-84.3883,33.79007
152480421,9/4/15,21:00:00,511,Morn,Sat,BURGLARY-RESIDENCE,The Villages at Castleberry H,-84.40523,33.74505
152480734,9/4/15,14:30:00,690,Eve,Fri,LARCENY-NON VEHICLE,Grove Park,-84.4499,33.77078
152480758,9/4/15,23:00:00,710,Morn,Sat,AUTO THEFT,Midtown,-84.38775,33.7747
152480899,9/4/15,0:00:00,640,Unk,Fri,LARCENY-FROM VEHICLE,Inman Park,-84.36414,33.75461
152480926,9/4/15,23:59:00,640,Morn,Sat,LARCENY-FROM VEHICLE,Oakland City,-84.42933,33.72254
152480947,9/4/15,0:00:00,640,Unk,Fri,LARCENY-FROM VEHICLE,Virginia Highland,-84.35284,33.77482
152481204,9/4/15,20:45:00,710,Unk,Sat,AUTO THEFT,Vine City,-84.41629,33.756
152481274,9/4/15,20:00:00,640,Unk,Sat,LARCENY-FROM VEHICLE,The Villages at Carver,-84.39264,33.71362
152481904,9/4/15,15:00:00,511,Unk,Sat,BURGLARY-RESIDENCE,Grove Park,-84.44109,33.76561
152482782,9/4/15,20:00:00,710,Unk,Sat,AUTO THEFT,East Atlanta,-84.34411,33.74045
152491014,9/4/15,12:30:00,710,Unk,Unk,AUTO THEFT,Midtown,-84.38942,33.7801
152491695,9/4/15,21:00:00,690,Eve,Fri,LARCENY-NON VEHICLE,Downtown,-84.38835,33.76056
152492130,9/4/15,4:00:00,640,Day,Fri,LARCENY-FROM VEHICLE,Thomasville Heights,-84.36208,33.7082
152500883,9/4/15,16:30:00,670,Eve,Fri,LARCENY-NON VEHICLE,Lenox,-84.36212,33.84676
152501020,9/4/15,16:00:00,650,Unk,Unk,LARCENY-FROM VEHICLE,Bankhead,-84.42766,33.76978
152501023,9/4/15,16:00:00,690,Eve,Fri,LARCENY-NON VEHICLE,Atlantic Station,-84.39921,33.79303
152501148,9/4/15,16:00:00,521,Unk,Unk,BURGLARY-RESIDENCE,Pleasant Hill,-84.43687,33.85409
152501312,9/4/15,20:00:00,640,Unk,Unk,LARCENY-FROM VEHICLE,Old Fourth Ward,-84.36391,33.76124
152510752,9/4/15,17:00:00,670,Unk,Unk,LARCENY-NON VEHICLE,Midtown,-84.38526,33.77407
152510973,9/4/15,16:30:00,620,Eve,Fri,LARCENY-NON VEHICLE,Wyngate,-84.40639,33.83247
152511027,9/4/15,19:30:00,730,Unk,Unk,AUTO THEFT,Peachtree Heights West,-84.38247,33.83676
152511224,9/4/15,18:00:00,511,Unk,Unk,BURGLARY-RESIDENCE,Hammond Park,-84.4022,33.67819
152511296,9/4/15,17:00:00,640,Eve,Fri,LARCENY-FROM VEHICLE,Downtown,-84.38992,33.7573
152511463,9/4/15,17:00:00,511,Unk,Unk,BURGLARY-RESIDENCE,Brandon,-84.41365,33.82912
152511796,9/4/15,8:00:00,650,Day,Fri,LARCENY-FROM VEHICLE,Collier Heights,-84.49395,33.77247
152521010,9/4/15,12:00:00,690,Unk,Unk,LARCENY-NON VEHICLE,Knight Park/Howell Station,-84.42887,33.78576
152521586,9/4/15,15:00:00,511,Unk,Unk,BURGLARY-RESIDENCE,Harland Terrace,-84.48477,33.75362
152522245,9/4/15,16:30:00,690,Eve,Fri,LARCENY-NON VEHICLE,Lenox,-84.3595,33.85182
152530843,9/4/15,11:00:00,690,Unk,Unk,LARCENY-NON VEHICLE,Summerhill,-84.38296,33.73332
152460098,9/3/15,0:15:00,311,Morn,Thu,ROBBERY-PEDESTRIAN,Rosedale Heights,-84.37757,33.68013
152460199,9/3/15,0:50:00,311,Morn,Thu,ROBBERY-PEDESTRIAN,Mechanicsville,-84.39447,33.73257
152460432,9/3/15,0:01:00,512,Morn,Thu,BURGLARY-NONRES,Collier Heights,-84.48696,33.78223
152460857,9/3/15,8:20:00,640,Day,Thu,LARCENY-FROM VEHICLE,East Atlanta,-84.34396,33.74037
152460985,9/3/15,9:00:00,342,Day,Thu,ROBBERY-COMMERCIAL,Vine City,-84.41457,33.75504
152461072,9/3/15,9:20:00,720,Day,Thu,AUTO THEFT,Lake Claire,-84.32702,33.76226
152461123,9/3/15,9:50:00,430,Day,Thu,AGG ASSAULT,Sylvan Hills,-84.42182,33.69745
152461347,9/3/15,11:00:00,670,Day,Thu,LARCENY-NON VEHICLE,Poncey-Highland,-84.35433,33.77131
152461393,9/3/15,11:00:00,630,Unk,Unk,LARCENY-NON VEHICLE,Downtown,-84.38756,33.76099
152461546,9/3/15,11:00:00,511,Day,Thu,BURGLARY-RESIDENCE,Deerwood,-84.51059,33.67684
152461694,9/3/15,13:57:00,690,Day,Thu,LARCENY-NON VEHICLE,Midtown,-84.37897,33.78384
152461788,9/3/15,14:50:00,311,Day,Thu,ROBBERY-PEDESTRIAN,Glenrose Heights,-84.39376,33.67443
152461803,9/3/15,15:04:00,630,Eve,Thu,LARCENY-NON VEHICLE,Greenbriar,-84.48798,33.68947
152461838,9/3/15,14:50:00,640,Day,Thu,LARCENY-FROM VEHICLE,Midtown,-84.37292,33.7816
152461880,9/3/15,6:30:00,720,Day,Thu,AUTO THEFT,Downtown,-84.39498,33.75095
152461963,9/3/15,7:00:00,511,Day,Thu,BURGLARY-RESIDENCE,Bakers Ferry,-84.53296,33.753
152462053,9/3/15,16:00:00,640,Eve,Thu,LARCENY-FROM VEHICLE,Midtown,-84.37867,33.78218
152462137,9/3/15,16:20:00,620,Eve,Thu,LARCENY-NON VEHICLE,Collier Heights,-84.49061,33.77996
152462179,9/3/15,6:30:00,511,Day,Thu,BURGLARY-RESIDENCE,Browns Mill Park,-84.39417,33.68294
152462189,9/3/15,10:30:00,640,Day,Thu,LARCENY-FROM VEHICLE,Ansley Park,-84.38258,33.79034
152462203,9/3/15,16:00:00,690,Eve,Thu,LARCENY-NON VEHICLE,Ormewood Park,-84.34971,33.7245
152462234,9/3/15,17:00:00,630,Eve,Thu,LARCENY-NON VEHICLE,Buckhead Forest,-84.37462,33.84564
152462255,9/3/15,7:30:00,511,Day,Thu,BURGLARY-RESIDENCE,Kirkwood,-84.32447,33.74878
152462289,9/3/15,17:30:00,640,Eve,Thu,LARCENY-FROM VEHICLE,West End,-84.41691,33.738
152462294,9/3/15,15:00:00,640,Eve,Thu,LARCENY-FROM VEHICLE,Midtown,-84.38517,33.79068
152462295,9/3/15,17:45:00,630,Eve,Thu,LARCENY-NON VEHICLE,Old Fourth Ward,-84.38023,33.77067
152462299,9/3/15,17:52:00,630,Eve,Thu,LARCENY-NON VEHICLE,Campbellton Road,-84.4568,33.70658
152462483,9/3/15,21:24:00,640,Eve,Thu,LARCENY-FROM VEHICLE,Morningside/Lenox Park,-84.35257,33.79282
152462486,9/3/15,19:05:00,430,Eve,Thu,AGG ASSAULT,Sylvan Hills,-84.40772,33.70307
152462497,9/3/15,19:09:00,312,Eve,Thu,ROBBERY-COMMERCIAL,Pine Hills,-84.3562,33.83095
152462526,9/3/15,19:27:00,341,Eve,Thu,ROBBERY-PEDESTRIAN,Collier Heights,-84.49293,33.78257
152462527,9/3/15,19:28:00,640,Eve,Thu,LARCENY-FROM VEHICLE,Westhaven,-84.46807,33.75558
152462552,9/3/15,19:30:00,640,Eve,Thu,LARCENY-FROM VEHICLE,Buckhead Forest,-84.37409,33.84413
152462576,9/3/15,18:30:00,690,Eve,Thu,LARCENY-NON VEHICLE,Adamsville,-84.50557,33.75929
152462582,9/3/15,19:00:00,640,Eve,Thu,LARCENY-FROM VEHICLE,Candler Park,-84.34718,33.76179
152462586,9/3/15,19:55:00,690,Eve,Thu,LARCENY-NON VEHICLE,Pittsburgh,-84.39862,33.72499
152462630,9/3/15,17:30:00,640,Eve,Thu,LARCENY-FROM VEHICLE,Grant Park,-84.37371,33.74578
152462648,9/3/15,20:00:00,640,Eve,Thu,LARCENY-FROM VEHICLE,Lakewood Heights,-84.38593,33.70524
152462681,9/3/15,22:40:00,331,Eve,Thu,ROBBERY-PEDESTRIAN,Custer/McDonough/Guice,-84.35958,33.71352
152462711,9/3/15,20:45:00,311,Eve,Thu,ROBBERY-PEDESTRIAN,Adamsville,-84.50466,33.7601
152462744,9/3/15,20:50:00,640,Eve,Thu,LARCENY-FROM VEHICLE,Brookwood Hills,-84.39187,33.8018
152462756,9/3/15,17:15:00,640,Eve,Thu,LARCENY-FROM VEHICLE,Midtown,-84.38581,33.7794
152462821,9/3/15,21:40:00,410,Eve,Thu,AGG ASSAULT,Thomasville Heights,-84.35669,33.70596
152462881,9/3/15,14:00:00,650,Eve,Thu,LARCENY-FROM VEHICLE,Downtown,-84.38992,33.7573
152462910,9/3/15,16:30:00,690,Eve,Thu,LARCENY-NON VEHICLE,Berkeley Park,-84.41278,33.80388
152462933,9/3/15,21:30:00,512,Eve,Thu,BURGLARY-NONRES,Pittsburgh,-84.40806,33.74048
152462944,9/3/15,18:30:00,640,Eve,Thu,LARCENY-FROM VEHICLE,Poncey-Highland,-84.35767,33.77347
152462954,9/3/15,18:50:00,640,Eve,Thu,LARCENY-FROM VEHICLE,East Atlanta,-84.34622,33.74128
152462975,9/3/15,23:05:00,710,Morn,Thu,AUTO THEFT,Harland Terrace,-84.46789,33.75166
152463022,9/3/15,17:50:00,640,Unk,Fri,LARCENY-FROM VEHICLE,Home Park,-84.40304,33.78461
152463035,9/3/15,15:55:00,640,Eve,Thu,LARCENY-FROM VEHICLE,Inman Park,-84.35879,33.76117
152463043,9/3/15,23:40:00,311,Morn,Thu,ROBBERY-PEDESTRIAN,Castleberry Hill,-84.40225,33.7486
152463057,9/3/15,23:53:00,314,Morn,Thu,ROBBERY-COMMERCIAL,Venetian Hills,-84.43443,33.71493
152470095,9/3/15,23:30:00,710,Morn,Fri,AUTO THEFT,Princeton Lakes,-84.50859,33.655
152470397,9/3/15,23:00:00,690,Morn,Fri,LARCENY-NON VEHICLE,Morningside/Lenox Park,-84.36578,33.81235
152470486,9/3/15,18:30:00,521,Morn,Thu,BURGLARY-RESIDENCE,The Villages at Castleberry H,-84.40523,33.74505
152470593,9/3/15,18:00:00,512,Morn,Thu,BURGLARY-NONRES,Peoplestown,-84.38516,33.72379
152470619,9/3/15,19:00:00,650,Morn,Fri,LARCENY-FROM VEHICLE,Ben Hill Terrace,-84.51886,33.69575
152470648,9/3/15,18:00:00,640,Morn,Fri,LARCENY-FROM VEHICLE,Downtown,-84.3859,33.7664
152470804,9/3/15,21:00:00,640,Morn,Fri,LARCENY-FROM VEHICLE,Ormewood Park,-84.3543,33.72819
152471237,9/3/15,22:00:00,640,Morn,Fri,LARCENY-FROM VEHICLE,Midtown,-84.37839,33.77629
152471814,9/3/15,11:00:00,440,Day,Thu,AGG ASSAULT,Glenrose Heights,-84.39108,33.66656
152472324,9/3/15,22:00:00,650,Morn,Fri,LARCENY-FROM VEHICLE,Grant Park,-84.36414,33.74003
152481068,9/3/15,9:00:00,690,Unk,Unk,LARCENY-NON VEHICLE,Old Fourth Ward,-84.36561,33.76462
152482783,9/3/15,11:40:00,640,Eve,Thu,LARCENY-FROM VEHICLE,Ansley Park,-84.38258,33.79034
152490876,9/3/15,16:00:00,511,Unk,Unk,BURGLARY-RESIDENCE,Florida Heights,-84.46247,33.7525
152501388,9/3/15,0:00:00,720,Morn,Thu,AUTO THEFT,Mechanicsville,-84.40062,33.73776
152510890,9/3/15,21:00:00,640,Morn,Fri,LARCENY-FROM VEHICLE,Mechanicsville,-84.40289,33.73691
152512691,9/3/15,17:00:00,511,Unk,Unk,BURGLARY-RESIDENCE,Atlantic Station,-84.40265,33.7899
152520951,9/3/15,11:00:00,710,Unk,Unk,AUTO THEFT,North Buckhead,-84.37088,33.84654
152521581,9/3/15,12:00:00,511,Unk,Unk,BURGLARY-RESIDENCE,Dixie Hills,-84.46205,33.76075
152450254,9/2/15,1:52:00,710,Morn,Wed,AUTO THEFT,Peoplestown,-84.3928,33.72287
152450293,9/2/15,1:40:00,640,Morn,Wed,LARCENY-FROM VEHICLE,Atlantic Station,-84.39779,33.79282
152450321,9/2/15,2:00:00,710,Morn,Wed,AUTO THEFT,Midtown,-84.38703,33.7788
152450902,9/2/15,8:00:00,640,Day,Wed,LARCENY-FROM VEHICLE,Ashview Heights,-84.41835,33.75094
152450913,9/2/15,2:40:00,512,Morn,Wed,BURGLARY-NONRES,Pittsburgh,-84.40553,33.73638
152450926,9/2/15,4:00:00,690,Morn,Wed,LARCENY-NON VEHICLE,Vine City,-84.41419,33.75783
152451009,9/2/15,9:12:00,511,Day,Wed,BURGLARY-RESIDENCE,West Lake,-84.43995,33.75891
152451060,9/2/15,4:00:00,640,Morn,Wed,LARCENY-FROM VEHICLE,Vine City,-84.41629,33.756
152451221,9/2/15,1:00:00,640,Morn,Wed,LARCENY-FROM VEHICLE,Castleberry Hill,-84.40195,33.75195
152451230,9/2/15,7:00:00,650,Day,Wed,LARCENY-FROM VEHICLE,NULL,-84.48826,33.75276
152451527,9/2/15,12:00:00,640,Day,Wed,LARCENY-FROM VEHICLE,Inman Park,-84.3528,33.7668
152451600,9/2/15,12:00:00,640,Day,Wed,LARCENY-FROM VEHICLE,Morningside/Lenox Park,-84.35148,33.79351
152451691,9/2/15,9:00:00,521,Day,Wed,BURGLARY-RESIDENCE,Adair Park,-84.41145,33.72358
152451770,9/2/15,12:45:00,710,Day,Wed,AUTO THEFT,Lindbergh/Morosgo,-84.36408,33.81912
152451803,9/2/15,8:45:00,710,Day,Wed,AUTO THEFT,NULL,-84.44833,33.70994
152451820,9/2/15,14:00:00,640,Day,Wed,LARCENY-FROM VEHICLE,West End,-84.4168,33.74057
152451909,9/2/15,13:00:00,640,Day,Wed,LARCENY-FROM VEHICLE,Greenbriar,-84.49328,33.68845
152451913,9/2/15,15:00:00,620,Eve,Wed,LARCENY-NON VEHICLE,Green Forest Acres,-84.48973,33.73303
152451915,9/2/15,15:00:00,640,Eve,Wed,LARCENY-FROM VEHICLE,Lindbergh/Morosgo,-84.36746,33.82144
152452024,9/2/15,13:00:00,640,Day,Wed,LARCENY-FROM VEHICLE,Brandon,-84.42412,33.83134
152452028,9/2/15,15:30:00,630,Eve,Wed,LARCENY-NON VEHICLE,West End,-84.41751,33.7398
152452030,9/2/15,10:30:00,690,Day,Wed,LARCENY-NON VEHICLE,Sylvan Hills,-84.41541,33.706
152452131,9/2/15,12:00:00,710,Day,Wed,AUTO THEFT,Sylvan Hills,-84.41113,33.69731
152452178,9/2/15,15:00:00,710,Eve,Wed,AUTO THEFT,Bolton,-84.4506,33.8188
152452218,9/2/15,16:20:00,410,Eve,Wed,AGG ASSAULT,Florida Heights,-84.45864,33.74899
152452351,9/2/15,17:00:00,630,Eve,Wed,LARCENY-NON VEHICLE,West End,-84.43276,33.73812
152452458,9/2/15,17:41:00,430,Eve,Wed,AGG ASSAULT,NULL,-84.48686,33.75538
152452462,9/2/15,10:00:00,511,Day,Wed,BURGLARY-RESIDENCE,Peoplestown,-84.38805,33.73065
152452487,9/2/15,7:00:00,511,Day,Wed,BURGLARY-RESIDENCE,Boulder Park,-84.52854,33.75048
152452612,9/2/15,15:00:00,690,Eve,Wed,LARCENY-NON VEHICLE,Grant Park,-84.36683,33.7387
152452634,9/2/15,17:00:00,710,Eve,Wed,AUTO THEFT,Kings Forest,-84.5106,33.70415
152452821,9/2/15,19:39:00,311,Eve,Wed,ROBBERY-PEDESTRIAN,Collier Heights,-84.49155,33.78225
152453006,9/2/15,17:30:00,640,Eve,Wed,LARCENY-FROM VEHICLE,Grant Park,-84.37636,33.73426
152453011,9/2/15,15:00:00,640,Eve,Wed,LARCENY-FROM VEHICLE,Buckhead Village,-84.37344,33.84218
152453018,9/2/15,20:30:00,311,Eve,Wed,ROBBERY-PEDESTRIAN,English Avenue,-84.41569,33.77282
152453045,9/2/15,20:00:00,640,Eve,Wed,LARCENY-FROM VEHICLE,Pittsburgh,-84.40221,33.73365
152453047,9/2/15,21:04:00,410,Eve,Wed,AGG ASSAULT,Vine City,-84.40494,33.75827
152453076,9/2/15,13:00:00,511,Eve,Wed,BURGLARY-RESIDENCE,Peoplestown,-84.38536,33.72615
152453081,9/2/15,21:17:00,311,Eve,Wed,ROBBERY-PEDESTRIAN,Princeton Lakes,-84.50738,33.65985
152453114,9/2/15,21:39:00,630,Eve,Wed,LARCENY-NON VEHICLE,Lindbergh/Morosgo,-84.36328,33.82403
152453130,9/2/15,20:45:00,640,Eve,Wed,LARCENY-FROM VEHICLE,Lindbergh/Morosgo,-84.36684,33.82494
152453143,9/2/15,21:30:00,710,Eve,Wed,AUTO THEFT,West Lake,-84.44116,33.76126
152453171,9/2/15,22:04:00,640,Eve,Wed,LARCENY-FROM VEHICLE,Marietta Street Artery,-84.41116,33.77914
152453184,9/2/15,22:20:00,420,Eve,Wed,AGG ASSAULT,NULL,-84.39228,33.81347
152453200,9/2/15,13:30:00,511,Eve,Wed,BURGLARY-RESIDENCE,Ormewood Park,-84.35107,33.74433
152453316,9/2/15,20:00:00,640,Eve,Wed,LARCENY-FROM VEHICLE,Peachtree Hills,-84.38119,33.81812
152460073,9/2/15,23:00:00,410,Morn,Wed,AGG ASSAULT,Pine Hills,-84.35918,33.82232
152460080,9/2/15,20:45:00,640,Eve,Wed,LARCENY-FROM VEHICLE,Candler Park,-84.34353,33.76251
152460403,9/2/15,18:00:00,511,Eve,Wed,BURGLARY-RESIDENCE,South River Gardens,-84.37144,33.67339
152460423,9/2/15,21:00:00,640,Morn,Thu,LARCENY-FROM VEHICLE,Downtown,-84.3859,33.7664
152460475,9/2/15,9:30:00,531,Unk,Wed,BURGLARY-RESIDENCE,East Lake,-84.29277,33.73925
152460494,9/2/15,21:00:00,710,Morn,Thu,AUTO THEFT,Florida Heights,-84.46839,33.74865
152460697,9/2/15,23:00:00,710,Morn,Thu,AUTO THEFT,East Ardley Road,-84.49443,33.72868
152460863,9/2/15,23:00:00,690,Morn,Wed,LARCENY-NON VEHICLE,Oakland City,-84.42167,33.72741
152461063,9/2/15,9:00:00,690,Unk,Wed,LARCENY-NON VEHICLE,Mechanicsville,-84.40447,33.741
152461085,9/2/15,20:00:00,640,Morn,Thu,LARCENY-FROM VEHICLE,Kirkwood,-84.31849,33.75227
152461236,9/2/15,18:30:00,521,Eve,Wed,BURGLARY-RESIDENCE,Kirkwood,-84.33263,33.75139
152461454,9/2/15,17:00:00,670,Unk,Thu,LARCENY-NON VEHICLE,Downtown,-84.38496,33.76158
152461503,9/2/15,22:00:00,710,Eve,Wed,AUTO THEFT,Grove Park,-84.43853,33.77033
152461606,9/2/15,18:30:00,521,Morn,Thu,BURGLARY-RESIDENCE,Brookhaven,-84.35181,33.8718
152461752,9/2/15,16:33:00,670,Eve,Wed,LARCENY-NON VEHICLE,Lenox,-84.36212,33.84676
152461919,9/2/15,16:30:00,640,Unk,Thu,LARCENY-FROM VEHICLE,Castleberry Hill,-84.40414,33.74749
152462948,9/2/15,19:00:00,640,Unk,Thu,LARCENY-FROM VEHICLE,Downtown,-84.39153,33.75183
152468046,9/2/15,10:57:00,690,Day,Wed,LARCENY-NON VEHICLE,NULL,-84.4387,33.64115
152471473,9/2/15,19:30:00,511,Unk,Unk,BURGLARY-RESIDENCE,Knight Park/Howell Station,-84.42739,33.78104
152521843,9/2/15,15:00:00,511,Unk,Unk,BURGLARY-RESIDENCE,West Lake,-84.43879,33.75723
2E+11,9/2/15,21:30:00,110,Morn,Wed,HOMICIDE,English Avenue,-84.40498,33.76527
152411437,9/1/15,NULL,670,Morn,Tue,LARCENY-NON VEHICLE,Harland Terrace,-84.47425,33.75381
152440063,9/1/15,0:30:00,410,Morn,Tue,AGG ASSAULT,Dixie Hills,-84.45105,33.75876
152440129,9/1/15,1:15:00,440,Morn,Tue,AGG ASSAULT,Glenrose Heights,-84.38997,33.6694
152440179,9/1/15,1:20:00,311,Morn,Tue,ROBBERY-PEDESTRIAN,Venetian Hills,-84.44765,33.71075
152440307,9/1/15,2:55:00,347,Morn,Tue,ROBBERY-PEDESTRIAN,East Atlanta,-84.32324,33.72602
152440507,9/1/15,5:40:00,640,Morn,Tue,LARCENY-FROM VEHICLE,Lakewood Heights,-84.37897,33.71257
152440529,9/1/15,4:00:00,521,Morn,Tue,BURGLARY-RESIDENCE,Bankhead,-84.42514,33.76443
152440596,9/1/15,0:00:00,650,Morn,Tue,LARCENY-FROM VEHICLE,Mozley Park,-84.43449,33.7509
152440659,9/1/15,7:00:00,670,Day,Tue,LARCENY-NON VEHICLE,Bakers Ferry,-84.53073,33.75285
152440745,9/1/15,0:01:00,650,Morn,Tue,LARCENY-FROM VEHICLE,Fairburn Mays,-84.51059,33.73454
152440780,9/1/15,2:00:00,640,Morn,Tue,LARCENY-FROM VEHICLE,Kirkwood,-84.32158,33.75604
152441135,9/1/15,10:24:00,531,Day,Tue,BURGLARY-RESIDENCE,Leila Valley,-84.35702,33.69157
152441308,9/1/15,11:15:00,640,Day,Tue,LARCENY-FROM VEHICLE,Inman Park,-84.35859,33.76284
152441356,9/1/15,8:00:00,640,Day,Tue,LARCENY-FROM VEHICLE,Venetian Hills,-84.43111,33.7166
152441433,9/1/15,10:00:00,640,Day,Tue,LARCENY-FROM VEHICLE,Princeton Lakes,-84.50908,33.65571
152441464,9/1/15,12:13:00,410,Day,Tue,AGG ASSAULT,Ridgecrest Forest,-84.52695,33.74273
152441487,9/1/15,11:00:00,640,Day,Tue,LARCENY-FROM VEHICLE,Collier Heights,-84.49395,33.77247
152441506,9/1/15,12:25:00,511,Day,Tue,BURGLARY-RESIDENCE,Ashview Heights,-84.41901,33.75196
152441524,9/1/15,10:00:00,511,Day,Tue,BURGLARY-RESIDENCE,Vine City,-84.41389,33.75805
152441548,9/1/15,12:30:00,640,Day,Tue,LARCENY-FROM VEHICLE,Brookwood,-84.39322,33.80231
152441698,9/1/15,13:38:00,630,Day,Tue,LARCENY-NON VEHICLE,Lenox,-84.36212,33.84676
152441708,9/1/15,13:46:00,710,Day,Tue,AUTO THEFT,Washington Park,-84.4214,33.75735
152441717,9/1/15,13:00:00,630,Unk,Wed,LARCENY-NON VEHICLE,Perkerson,-84.40785,33.68199
152441746,9/1/15,12:00:00,640,Day,Tue,LARCENY-FROM VEHICLE,Berkeley Park,-84.40886,33.79588
152441789,9/1/15,14:13:00,630,Day,Tue,LARCENY-NON VEHICLE,Vine City,-84.41457,33.75504
152441913,9/1/15,15:00:00,710,Eve,Tue,AUTO THEFT,Harland Terrace,-84.47612,33.75395
152442085,9/1/15,12:30:00,512,Day,Tue,BURGLARY-NONRES,Buckhead Heights,-84.35853,33.84934
152442137,9/1/15,8:50:00,710,Day,Tue,AUTO THEFT,Mt. Paran/Northside,-84.43152,33.85557
152442301,9/1/15,16:45:00,630,Eve,Tue,LARCENY-NON VEHICLE,Edgewood,-84.34619,33.75674
152442376,9/1/15,17:00:00,620,Eve,Tue,LARCENY-NON VEHICLE,Downtown,-84.39232,33.75283
152442466,9/1/15,17:00:00,710,Eve,Tue,AUTO THEFT,NULL,-84.39144,33.80965
152442478,9/1/15,17:39:00,311,Eve,Tue,ROBBERY-PEDESTRIAN,Mechanicsville,-84.39499,33.73261
152442564,9/1/15,2:00:00,640,Morn,Tue,LARCENY-FROM VEHICLE,Castleberry Hill,-84.40426,33.74728
152442601,9/1/15,18:00:00,640,Eve,Tue,LARCENY-FROM VEHICLE,Ridgewood Heights,-84.44514,33.82291
152442605,9/1/15,18:09:00,630,Eve,Tue,LARCENY-NON VEHICLE,Campbellton Road,-84.45947,33.70514
152442750,9/1/15,0:00:00,640,Morn,Tue,LARCENY-FROM VEHICLE,Lake Claire,-84.32173,33.76628
152442766,9/1/15,6:30:00,640,Day,Tue,LARCENY-FROM VEHICLE,Midtown,-84.38903,33.78658
152442772,9/1/15,18:53:00,511,Eve,Tue,BURGLARY-RESIDENCE,West End,-84.42856,33.73393
152442778,9/1/15,9:00:00,670,Day,Tue,LARCENY-NON VEHICLE,Princeton Lakes,-84.51339,33.66093
152442877,9/1/15,12:45:00,521,Day,Tue,BURGLARY-RESIDENCE,West End,-84.41738,33.74057
152442899,9/1/15,19:30:00,630,Eve,Tue,LARCENY-NON VEHICLE,Lenox,-84.36212,33.84676
152442997,9/1/15,20:16:00,660,Eve,Tue,LARCENY-NON VEHICLE,Midtown,-84.38424,33.778
152443000,9/1/15,20:00:00,640,Eve,Tue,LARCENY-FROM VEHICLE,Center Hill,-84.46679,33.77886
152443060,9/1/15,20:40:00,410,Eve,Tue,AGG ASSAULT,Grove Park,-84.45174,33.76486
152443065,9/1/15,7:30:00,511,Day,Tue,BURGLARY-RESIDENCE,Lindbergh/Morosgo,-84.37136,33.81947
152443167,9/1/15,21:25:00,511,Eve,Tue,BURGLARY-RESIDENCE,Ashview Heights,-84.42348,33.74824
152443223,9/1/15,22:05:00,640,Eve,Tue,LARCENY-FROM VEHICLE,Underwood Hills,-84.43494,33.80787
152443228,9/1/15,22:10:00,311,Eve,Tue,ROBBERY-PEDESTRIAN,Peoplestown,-84.3827,33.72622
152443239,9/1/15,21:47:00,630,Eve,Tue,LARCENY-NON VEHICLE,Vine City,-84.41457,33.75504
152443247,9/1/15,22:29:00,410,Eve,Tue,AGG ASSAULT,Venetian Hills,-84.43185,33.71561
152443256,9/1/15,22:15:00,660,Eve,Tue,LARCENY-NON VEHICLE,East Atlanta,-84.33561,33.73035
152443410,9/1/15,23:08:00,630,Morn,Tue,LARCENY-NON VEHICLE,Berkeley Park,-84.41278,33.80388
152450014,9/1/15,23:30:00,650,Morn,Tue,LARCENY-FROM VEHICLE,Adamsville,-84.51027,33.76461
152450708,9/1/15,21:15:00,640,Morn,Wed,LARCENY-FROM VEHICLE,NULL,-84.39386,33.81547
152450719,9/1/15,17:30:00,640,Morn,Wed,LARCENY-FROM VEHICLE,Morningside/Lenox Park,-84.35496,33.79542
152450760,9/1/15,16:30:00,640,Morn,Wed,LARCENY-FROM VEHICLE,Inman Park,-84.36,33.76121
152450844,9/1/15,23:00:00,710,Morn,Wed,AUTO THEFT,Morningside/Lenox Park,-84.36082,33.79754
152451071,9/1/15,21:00:00,640,Morn,Wed,LARCENY-FROM VEHICLE,Kirkwood,-84.31735,33.74915
152451188,9/1/15,23:00:00,640,Morn,Wed,LARCENY-FROM VEHICLE,English Avenue,-84.40753,33.76485
152451309,9/1/15,20:00:00,710,Morn,Wed,AUTO THEFT,Perkerson,-84.41306,33.68905
152451337,9/1/15,15:00:00,650,Unk,Wed,LARCENY-FROM VEHICLE,Morningside/Lenox Park,-84.36578,33.81235
152451754,9/1/15,17:00:00,690,Morn,Wed,LARCENY-NON VEHICLE,Inman Park,-84.35835,33.76267
152451774,9/1/15,18:00:00,710,Eve,Tue,AUTO THEFT,Adamsville,-84.50433,33.75933
152452101,9/1/15,5:00:00,511,Unk,Tue,BURGLARY-RESIDENCE,Lindbergh/Morosgo,-84.37136,33.81947
152452613,9/1/15,8:52:00,630,Day,Tue,LARCENY-NON VEHICLE,Adams Park,-84.45795,33.70653
152461087,9/1/15,17:00:00,690,Morn,Wed,LARCENY-NON VEHICLE,Ormewood Park,-84.35915,33.72998
152461718,9/1/15,12:00:00,650,Unk,Unk,LARCENY-FROM VEHICLE,Grant Park,-84.37831,33.72661
152462459,9/1/15,9:00:00,640,Unk,Wed,LARCENY-FROM VEHICLE,Brookwood Hills,-84.39265,33.80163
152522124,9/1/15,10:00:00,511,Unk,Unk,BURGLARY-RESIDENCE,Fernleaf,-84.44043,33.82201
2E+11,9/1/15,21:45:00,110,Eve,Tue,HOMICIDE,Vine City,-84.41413,33.75823
152430034,8/31/15,0:14:00,331,Morn,Mon,ROBBERY-PEDESTRIAN,Downtown,-84.38246,33.76101
152430183,8/31/15,1:00:00,630,Morn,Mon,LARCENY-NON VEHICLE,Adamsville,-84.5076,33.76208
152430335,8/31/15,2:40:00,315,Morn,Mon,ROBBERY-RESIDENCE,Downtown,-84.39315,33.76747
152430399,8/31/15,3:47:00,640,Morn,Mon,LARCENY-FROM VEHICLE,Midtown,-84.37539,33.77554
152430431,8/31/15,0:50:00,710,Morn,Mon,AUTO THEFT,Westwood Terrace,-84.44755,33.73506
152430546,8/31/15,1:30:00,710,Morn,Mon,AUTO THEFT,Capitol View,-84.41737,33.71448
152430803,8/31/15,7:00:00,640,Day,Mon,LARCENY-FROM VEHICLE,Capitol View,-84.41468,33.72004
152430847,8/31/15,8:00:00,630,Day,Mon,LARCENY-NON VEHICLE,Center Hill,-84.47302,33.77648
152431023,8/31/15,8:30:00,690,Day,Mon,LARCENY-NON VEHICLE,North Buckhead,-84.36206,33.87115
152431024,8/31/15,10:00:00,511,Day,Mon,BURGLARY-RESIDENCE,Oakland City,-84.43271,33.73104
152431105,8/31/15,10:00:00,640,Day,Mon,LARCENY-FROM VEHICLE,Old Fourth Ward,-84.37104,33.75393
152431158,8/31/15,9:45:00,640,Day,Mon,LARCENY-FROM VEHICLE,Berkeley Park,-84.41547,33.79946
152431215,8/31/15,11:23:00,690,Day,Mon,LARCENY-NON VEHICLE,Thomasville Heights,-84.35421,33.70341
152431244,8/31/15,11:39:00,630,Day,Mon,LARCENY-NON VEHICLE,Lindbergh/Morosgo,-84.3652,33.82883
152431268,8/31/15,4:00:00,670,Day,Mon,LARCENY-NON VEHICLE,Center Hill,-84.46472,33.77726
152431270,8/31/15,11:00:00,670,Day,Mon,LARCENY-NON VEHICLE,Downtown,-84.38715,33.75992
152431280,8/31/15,11:35:00,640,Day,Mon,LARCENY-FROM VEHICLE,NULL,-84.4859,33.73273
152431320,8/31/15,10:30:00,640,Day,Mon,LARCENY-FROM VEHICLE,Brandon,-84.42412,33.83134
152431489,8/31/15,13:00:00,670,Day,Mon,LARCENY-NON VEHICLE,West End,-84.42403,33.7388
152431500,8/31/15,12:30:00,720,Day,Mon,AUTO THEFT,Chastain Park,-84.39363,33.8667
152431579,8/31/15,13:00:00,640,Day,Mon,LARCENY-FROM VEHICLE,Virginia Highland,-84.35494,33.78234
152431591,8/31/15,12:30:00,640,Day,Mon,LARCENY-FROM VEHICLE,Blandtown,-84.42332,33.78945
152431633,8/31/15,13:00:00,640,Day,Mon,LARCENY-FROM VEHICLE,Midtown,-84.38047,33.78178
152431652,8/31/15,7:30:00,511,Day,Mon,BURGLARY-RESIDENCE,Bolton,-84.45246,33.8097
152431722,8/31/15,14:00:00,630,Day,Mon,LARCENY-NON VEHICLE,Midtown,-84.37122,33.77379
152431726,8/31/15,15:00:00,630,Eve,Mon,LARCENY-NON VEHICLE,Edgewood,-84.34619,33.75674
152431753,8/31/15,11:30:00,511,Day,Mon,BURGLARY-RESIDENCE,Greenbriar,-84.49403,33.6697
152431757,8/31/15,8:00:00,650,Day,Mon,LARCENY-FROM VEHICLE,East Lake,-84.30395,33.75319
152431789,8/31/15,12:30:00,640,Day,Mon,LARCENY-FROM VEHICLE,North Buckhead,-84.36116,33.85252
152431812,8/31/15,15:00:00,640,Eve,Mon,LARCENY-FROM VEHICLE,Greenbriar,-84.49328,33.68845
152431813,8/31/15,15:30:00,630,Eve,Mon,LARCENY-NON VEHICLE,Edgewood,-84.34863,33.75938
152432134,8/31/15,16:56:00,511,Eve,Mon,BURGLARY-RESIDENCE,Audobon Forest,-84.47029,33.73387
152432156,8/31/15,17:01:00,521,Eve,Mon,BURGLARY-RESIDENCE,Hammond Park,-84.41592,33.67628
152432202,8/31/15,17:11:00,511,Eve,Mon,BURGLARY-RESIDENCE,Glenrose Heights,-84.39355,33.67534
152432241,8/31/15,17:00:00,630,Eve,Mon,LARCENY-NON VEHICLE,Berkeley Park,-84.41278,33.80388
152432256,8/31/15,17:10:00,620,Eve,Mon,LARCENY-NON VEHICLE,Downtown,-84.38618,33.74865
152432260,8/31/15,9:30:00,640,Day,Mon,LARCENY-FROM VEHICLE,Hills Park,-84.44083,33.79773
152432290,8/31/15,11:30:00,640,Day,Mon,LARCENY-FROM VEHICLE,Midtown,-84.38442,33.77736
152432387,8/31/15,17:00:00,640,Eve,Mon,LARCENY-FROM VEHICLE,Inman Park,-84.34934,33.76553
152432394,8/31/15,17:59:00,710,Eve,Mon,AUTO THEFT,Glenrose Heights,-84.38507,33.67268
152432397,8/31/15,16:50:00,311,Eve,Mon,ROBBERY-PEDESTRIAN,Thomasville Heights,-84.36005,33.70764
152432451,8/31/15,13:00:00,511,Day,Mon,BURGLARY-RESIDENCE,Home Park,-84.40473,33.78263
152432560,8/31/15,18:50:00,410,Eve,Mon,AGG ASSAULT,Campbellton Road,-84.45512,33.70296
152432575,8/31/15,11:00:00,511,Eve,Mon,BURGLARY-RESIDENCE,English Avenue,-84.41425,33.77187
152432610,8/31/15,19:16:00,710,Eve,Mon,AUTO THEFT,Browns Mill Park,-84.38401,33.68687
152432618,8/31/15,11:00:00,511,Eve,Mon,BURGLARY-RESIDENCE,Greenbriar,-84.49697,33.67424
152432740,8/31/15,12:00:00,511,Eve,Mon,BURGLARY-RESIDENCE,Southwest,-84.48372,33.70623
152432753,8/31/15,19:00:00,690,Eve,Mon,LARCENY-NON VEHICLE,Midtown,-84.38382,33.78812
152432754,8/31/15,20:24:00,690,Eve,Mon,LARCENY-NON VEHICLE,Downtown,-84.39003,33.75896
152432780,8/31/15,18:45:00,640,Eve,Mon,LARCENY-FROM VEHICLE,Sylvan Hills,-84.41726,33.71398
152432794,8/31/15,20:00:00,690,Eve,Mon,LARCENY-NON VEHICLE,Carey Park,-84.47536,33.78662
152432832,8/31/15,18:30:00,640,Eve,Mon,LARCENY-FROM VEHICLE,Wyngate,-84.40639,33.83247
152432874,8/31/15,20:30:00,640,Eve,Mon,LARCENY-FROM VEHICLE,Inman Park,-84.35756,33.76396
152432895,8/31/15,21:00:00,710,Eve,Mon,AUTO THEFT,Lincoln Homes,-84.47601,33.80147
152432916,8/31/15,21:40:00,311,Eve,Mon,ROBBERY-PEDESTRIAN,Mechanicsville,-84.40253,33.73978
152432917,8/31/15,18:30:00,640,Eve,Mon,LARCENY-FROM VEHICLE,Grant Park,-84.37339,33.74554
152432933,8/31/15,18:00:00,640,Eve,Mon,LARCENY-FROM VEHICLE,Piedmont Heights,-84.37595,33.80737
152432987,8/31/15,21:30:00,640,Eve,Mon,LARCENY-FROM VEHICLE,Virginia Highland,-84.35261,33.77586
152432992,8/31/15,8:00:00,521,Eve,Mon,BURGLARY-RESIDENCE,Downtown,-84.38301,33.76435
152433034,8/31/15,23:01:00,522,Morn,Mon,BURGLARY-NONRES,NULL,-84.48491,33.75509
152433058,8/31/15,22:00:00,640,Eve,Mon,LARCENY-FROM VEHICLE,Castleberry Hill,-84.40123,33.75082
152433065,8/31/15,21:45:00,640,Eve,Mon,LARCENY-FROM VEHICLE,Lindridge/Martin Manor,-84.35601,33.81123
152440011,8/31/15,16:15:00,640,Eve,Mon,LARCENY-FROM VEHICLE,Atlanta University Center,-84.417,33.74933
152440094,8/31/15,19:30:00,640,Eve,Mon,LARCENY-FROM VEHICLE,Hills Park,-84.43337,33.79848
152440587,8/31/15,20:30:00,670,Morn,Tue,LARCENY-NON VEHICLE,Summerhill,-84.38768,33.74206
152440603,8/31/15,14:00:00,710,Unk,Mon,AUTO THEFT,The Villages at Carver,-84.38851,33.71265
152440607,8/31/15,18:00:00,640,Morn,Tue,LARCENY-FROM VEHICLE,Lake Claire,-84.32743,33.76273
152440641,8/31/15,10:00:00,650,Unk,Mon,LARCENY-FROM VEHICLE,NULL,-84.50204,33.68387
152440732,8/31/15,17:00:00,640,Morn,Tue,LARCENY-FROM VEHICLE,Underwood Hills,-84.42002,33.80306
152440783,8/31/15,7:30:00,660,Unk,Mon,LARCENY-NON VEHICLE,Colonial Homes,-84.39527,33.81276
152440812,8/31/15,22:30:00,690,Morn,Tue,LARCENY-NON VEHICLE,Home Park,-84.40302,33.78523
152440940,8/31/15,20:00:00,650,Morn,Tue,LARCENY-FROM VEHICLE,Piedmont Heights,-84.37506,33.80856
152440974,8/31/15,11:00:00,650,Unk,Mon,LARCENY-FROM VEHICLE,Old Fourth Ward,-84.3788,33.76572
152441208,8/31/15,15:00:00,210,Unk,Tue,RAPE,Fairburn Mays,-84.51109,33.73176
152441224,8/31/15,19:00:00,720,Morn,Tue,AUTO THEFT,Sylvan Hills,-84.40946,33.6992
152441542,8/31/15,18:30:00,640,Morn,Tue,LARCENY-FROM VEHICLE,Downtown,-84.38214,33.76657
152441919,8/31/15,18:30:00,650,Unk,Tue,LARCENY-FROM VEHICLE,Old Fourth Ward,-84.37151,33.75942
152442219,8/31/15,22:00:00,640,Unk,Tue,LARCENY-FROM VEHICLE,West End,-84.42574,33.73597
152442843,8/31/15,22:00:00,690,Unk,Tue,LARCENY-NON VEHICLE,Midtown,-84.37257,33.77632
152442941,8/31/15,23:00:00,690,Unk,Tue,LARCENY-NON VEHICLE,Piedmont Heights,-84.37506,33.80856
152442949,8/31/15,0:00:00,710,Unk,Mon,AUTO THEFT,Vine City,-84.40881,33.75863
152451200,8/31/15,23:00:00,430,Morn,Mon,AGG ASSAULT,Berkeley Park,-84.41152,33.79829
152451336,8/31/15,0:50:00,640,Unk,Mon,LARCENY-FROM VEHICLE,Chosewood Park,-84.38105,33.72186
152452476,8/31/15,10:00:00,670,Day,Mon,LARCENY-NON VEHICLE,North Buckhead,-84.36404,33.85307
152460893,8/31/15,8:00:00,690,Day,Mon,LARCENY-NON VEHICLE,Custer/McDonough/Guice,-84.35958,33.71352
152461180,8/31/15,19:00:00,640,Unk,Unk,LARCENY-FROM VEHICLE,NULL,-84.39147,33.81542
152462100,8/31/15,13:00:00,521,Unk,Unk,BURGLARY-RESIDENCE,Ben Hill,-84.52377,33.6639
152462103,8/31/15,22:30:00,710,Unk,Unk,AUTO THEFT,Atlanta University Center,-84.41715,33.74936
152471121,8/31/15,10:00:00,640,Day,Mon,LARCENY-FROM VEHICLE,NULL,-84.45188,33.82028
152481311,8/31/15,12:35:00,670,Day,Mon,LARCENY-NON VEHICLE,Berkeley Park,-84.40954,33.79845
152511957,8/31/15,7:00:00,522,Unk,Unk,BURGLARY-NONRES,Adair Park,-84.40898,33.73495
152522164,8/31/15,12:00:00,690,Unk,Mon,LARCENY-NON VEHICLE,NULL,-84.42763,33.77192
2E+11,8/31/15,22:45:00,110,Eve,Mon,HOMICIDE,Bankhead,-84.42026,33.7706
2E+11,8/31/15,0:09:00,110,Morn,Mon,HOMICIDE,Dixie Hills,-84.44674,33.7586
152420132,8/30/15,0:30:00,512,Morn,Sun,BURGLARY-NONRES,Poncey-Highland,-84.35218,33.7719
152420154,8/30/15,0:46:00,311,Morn,Sun,ROBBERY-PEDESTRIAN,Summerhill,-84.39121,33.73215
152420326,8/30/15,1:50:00,420,Morn,Sun,AGG ASSAULT,Venetian Hills,-84.43531,33.71594
152420355,8/30/15,0:01:00,640,Morn,Sun,LARCENY-FROM VEHICLE,Mechanicsville,-84.39458,33.73807
152420384,8/30/15,1:50:00,341,Morn,Sun,ROBBERY-PEDESTRIAN,Harris Chiles,-84.42093,33.74601
152420400,8/30/15,2:20:00,311,Morn,Sun,ROBBERY-PEDESTRIAN,Buckhead Forest,-84.37419,33.84815
152420434,8/30/15,2:34:00,311,Morn,Sun,ROBBERY-PEDESTRIAN,Old Fourth Ward,-84.37833,33.77026
152420446,8/30/15,2:15:00,420,Morn,Sun,AGG ASSAULT,Washington Park,-84.42178,33.76039
152420496,8/30/15,3:10:00,321,Morn,Sun,ROBBERY-PEDESTRIAN,Buckhead Village,-84.37857,33.84011
152420512,8/30/15,3:00:00,640,Morn,Sun,LARCENY-FROM VEHICLE,Campbellton Road,-84.4553,33.70717
152420590,8/30/15,3:50:00,640,Morn,Sun,LARCENY-FROM VEHICLE,Downtown,-84.38487,33.76896
152420597,8/30/15,4:00:00,640,Morn,Sun,LARCENY-FROM VEHICLE,Downtown,-84.38185,33.75546
152420713,8/30/15,5:20:00,640,Morn,Sun,LARCENY-FROM VEHICLE,Buckhead Forest,-84.37567,33.84898
152420759,8/30/15,6:00:00,311,Morn,Sun,ROBBERY-PEDESTRIAN,West Lake,-84.44551,33.75409
152420793,8/30/15,4:00:00,640,Morn,Sun,LARCENY-FROM VEHICLE,NULL,-84.42279,33.81214
152420849,8/30/15,7:43:00,420,Day,Sun,AGG ASSAULT,Downtown,-84.39034,33.74799
152420895,8/30/15,8:00:00,640,Day,Sun,LARCENY-FROM VEHICLE,Edgewood,-84.3312,33.75902
152420898,8/30/15,1:00:00,720,Morn,Sun,AUTO THEFT,South Atlanta,-84.38616,33.72019
152420949,8/30/15,8:48:00,410,Day,Sun,AGG ASSAULT,Collier Heights,-84.49341,33.78144
152421057,8/30/15,10:01:00,710,Day,Sun,AUTO THEFT,Downtown,-84.38815,33.77023
152421080,8/30/15,0:10:00,710,Morn,Sun,AUTO THEFT,English Avenue,-84.41371,33.77325
152421195,8/30/15,1:00:00,710,Morn,Sun,AUTO THEFT,Atlanta University Center,-84.40537,33.75195
152421233,8/30/15,12:35:00,512,Day,Sun,BURGLARY-NONRES,NULL,-84.37265,33.81163
152421331,8/30/15,12:50:00,430,Day,Sun,AGG ASSAULT,NULL,-84.48775,33.75294
152421358,8/30/15,13:00:00,311,Day,Sun,ROBBERY-PEDESTRIAN,Monroe Heights,-84.47416,33.79333
152421373,8/30/15,13:13:00,630,Day,Sun,LARCENY-NON VEHICLE,Lenox,-84.36212,33.84676
152421393,8/30/15,3:30:00,640,Day,Sun,LARCENY-FROM VEHICLE,Downtown,-84.38979,33.75531
152421403,8/30/15,13:30:00,630,Day,Sun,LARCENY-NON VEHICLE,Berkeley Park,-84.41278,33.80388
152421428,8/30/15,14:00:00,710,Day,Sun,AUTO THEFT,Rosedale Heights,-84.37093,33.6791
152421438,8/30/15,14:17:00,630,Day,Sun,LARCENY-NON VEHICLE,Inman Park,-84.34915,33.76686
152421441,8/30/15,13:00:00,640,Day,Sun,LARCENY-FROM VEHICLE,North Buckhead,-84.37284,33.84687
152421458,8/30/15,3:00:00,640,Day,Sun,LARCENY-FROM VEHICLE,Cascade Avenue/Road,-84.4645,33.72408
152421460,8/30/15,14:30:00,690,Day,Sun,LARCENY-NON VEHICLE,Mechanicsville,-84.39555,33.73004
152421468,8/30/15,14:00:00,710,Day,Sun,AUTO THEFT,Adams Park,-84.46134,33.7214
152421469,8/30/15,1:00:00,710,Day,Sun,AUTO THEFT,Castleberry Hill,-84.40061,33.75274
152421488,8/30/15,12:30:00,640,Day,Sun,LARCENY-FROM VEHICLE,Downtown,-84.39054,33.76329
152421511,8/30/15,14:38:00,640,Day,Sun,LARCENY-FROM VEHICLE,Peoplestown,-84.38599,33.72637
152421570,8/30/15,14:20:00,640,Day,Sun,LARCENY-FROM VEHICLE,Downtown,-84.38996,33.75119
152421671,8/30/15,0:00:00,710,Morn,Sun,AUTO THEFT,Candler Park,-84.34376,33.76965
152421766,8/30/15,16:23:00,440,Eve,Sun,AGG ASSAULT,Mozley Park,-84.44049,33.74958
152421811,8/30/15,15:45:00,640,Eve,Sun,LARCENY-FROM VEHICLE,Midtown,-84.38867,33.77763
152421812,8/30/15,7:00:00,640,Day,Sun,LARCENY-FROM VEHICLE,Sylvan Hills,-84.42678,33.70137
152421815,8/30/15,16:30:00,331,Eve,Sun,ROBBERY-PEDESTRIAN,Berkeley Park,-84.40933,33.79956
152421837,8/30/15,11:00:00,710,Day,Sun,AUTO THEFT,Fort Valley,-84.45149,33.70055
152421930,8/30/15,12:45:00,511,Day,Sun,BURGLARY-RESIDENCE,Lakewood,-84.37438,33.68903
152421975,8/30/15,17:00:00,630,Eve,Sun,LARCENY-NON VEHICLE,Lenox,-84.36212,33.84676
152421985,8/30/15,15:45:00,347,Eve,Sun,ROBBERY-PEDESTRIAN,Swallow Circle/Baywood,-84.38184,33.68898
152422017,8/30/15,16:40:00,640,Eve,Sun,LARCENY-FROM VEHICLE,Inman Park,-84.3643,33.75806
152422042,8/30/15,16:45:00,640,Eve,Sun,LARCENY-FROM VEHICLE,NULL,-84.40761,33.81356
152422078,8/30/15,18:00:00,630,Eve,Sun,LARCENY-NON VEHICLE,Berkeley Park,-84.41278,33.80388
152422090,8/30/15,8:00:00,511,Day,Sun,BURGLARY-RESIDENCE,Monroe Heights,-84.48116,33.79504
152422091,8/30/15,18:00:00,410,Eve,Sun,AGG ASSAULT,Adamsville,-84.50433,33.76126
152422172,8/30/15,15:00:00,531,Eve,Sun,BURGLARY-RESIDENCE,Browns Mill Park,-84.39417,33.68294
152422236,8/30/15,14:00:00,640,Eve,Sun,LARCENY-FROM VEHICLE,Downtown,-84.38948,33.75328
152422276,8/30/15,16:30:00,511,Eve,Sun,BURGLARY-RESIDENCE,English Avenue,-84.41537,33.76435
152422333,8/30/15,19:53:00,311,Eve,Sun,ROBBERY-PEDESTRIAN,Glenrose Heights,-84.39585,33.6729
152422388,8/30/15,20:00:00,710,Eve,Sun,AUTO THEFT,West End,-84.4268,33.7443
152422431,8/30/15,18:00:00,710,Eve,Sun,AUTO THEFT,Greenbriar,-84.4937,33.68077
152422441,8/30/15,20:41:00,610,Eve,Sun,LARCENY-NON VEHICLE,Old Fourth Ward,-84.36609,33.77103
152422512,8/30/15,17:00:00,521,Eve,Sun,BURGLARY-RESIDENCE,Campbellton Road,-84.45551,33.7008
152422515,8/30/15,19:45:00,640,Eve,Sun,LARCENY-FROM VEHICLE,Ardmore,-84.39382,33.80444
152422552,8/30/15,16:30:00,640,Eve,Sun,LARCENY-FROM VEHICLE,Downtown,-84.38563,33.75589
152422557,8/30/15,20:30:00,710,Eve,Sun,AUTO THEFT,Washington Park,-84.4208,33.75693
152422577,8/30/15,21:40:00,710,Eve,Sun,AUTO THEFT,Westhaven,-84.46807,33.75558
152422609,8/30/15,11:45:00,640,Eve,Sun,LARCENY-FROM VEHICLE,Morningside/Lenox Park,-84.36946,33.79625
152422614,8/30/15,21:55:00,710,Eve,Sun,AUTO THEFT,Adamsville,-84.49891,33.75713
152422653,8/30/15,20:00:00,710,Eve,Sun,AUTO THEFT,Princeton Lakes,-84.51051,33.65806
152422655,8/30/15,18:00:00,640,Eve,Sun,LARCENY-FROM VEHICLE,Lindbergh/Morosgo,-84.36744,33.82039
152422707,8/30/15,10:50:00,311,Day,Sun,ROBBERY-PEDESTRIAN,Downtown,-84.38418,33.76964
152422722,8/30/15,22:56:00,512,Eve,Sun,BURGLARY-NONRES,Center Hill,-84.47302,33.77648
152430430,8/30/15,18:00:00,511,Eve,Sun,BURGLARY-RESIDENCE,Greenbriar,-84.4937,33.68077
152430533,8/30/15,21:45:00,640,Morn,Mon,LARCENY-FROM VEHICLE,Lindbergh/Morosgo,-84.36408,33.81912
152430679,8/30/15,20:00:00,640,Morn,Mon,LARCENY-FROM VEHICLE,Lindridge/Martin Manor,-84.35987,33.8145
152430707,8/30/15,21:00:00,640,Morn,Mon,LARCENY-FROM VEHICLE,Buckhead Forest,-84.37753,33.84254
152430937,8/30/15,20:00:00,650,Morn,Mon,LARCENY-FROM VEHICLE,Boulevard Heights,-84.36752,33.72396
152431066,8/30/15,18:30:00,511,Eve,Sun,BURGLARY-RESIDENCE,Ormewood Park,-84.35126,33.74429
152431271,8/30/15,15:00:00,347,Eve,Sun,ROBBERY-PEDESTRIAN,Underwood Hills,-84.43622,33.80887
152431297,8/30/15,22:00:00,660,Morn,Mon,LARCENY-NON VEHICLE,Grant Park,-84.36473,33.72967
152431629,8/30/15,20:00:00,511,Morn,Mon,BURGLARY-RESIDENCE,Brandon,-84.41071,33.8292
152431973,8/30/15,19:00:00,511,Unk,Mon,BURGLARY-RESIDENCE,East Lake,-84.29536,33.73891
152432152,8/30/15,16:00:00,521,Unk,Mon,BURGLARY-RESIDENCE,Mechanicsville,-84.40283,33.74173
152433028,8/30/15,21:00:00,640,Eve,Sun,LARCENY-FROM VEHICLE,Kirkwood,-84.3365,33.75192
152438030,8/30/15,10:46:00,690,Unk,Sun,LARCENY-NON VEHICLE,NULL,-84.44824,33.63751
152441757,8/30/15,23:00:00,670,Morn,Sun,LARCENY-NON VEHICLE,Old Fourth Ward,-84.3645,33.77073
152441916,8/30/15,14:00:00,670,Eve,Sun,LARCENY-NON VEHICLE,Marietta Street Artery,-84.40731,33.77451
152442138,8/30/15,10:00:00,670,Unk,Unk,LARCENY-NON VEHICLE,Midtown,-84.38449,33.77258
152442681,8/30/15,18:00:00,521,Unk,Unk,BURGLARY-RESIDENCE,Ansley Park,-84.3813,33.78885
152443001,8/30/15,15:30:00,511,Unk,Unk,BURGLARY-RESIDENCE,Home Park,-84.40387,33.7883
152443142,8/30/15,0:30:00,650,Morn,Sun,LARCENY-FROM VEHICLE,Downtown,-84.39702,33.76269
152452669,8/30/15,0:00:00,521,Unk,Unk,BURGLARY-RESIDENCE,Ridgecrest Forest,-84.52649,33.74106
152471431,8/30/15,10:00:00,670,Unk,Unk,LARCENY-NON VEHICLE,North Buckhead,-84.36852,33.84595
152472903,8/30/15,18:30:00,710,Unk,Unk,AUTO THEFT,Inman Park,-84.36152,33.75583
152500588,8/30/15,8:10:00,710,Unk,Unk,AUTO THEFT,North Buckhead,-84.37678,33.86696
152510914,8/30/15,11:00:00,710,Unk,Unk,AUTO THEFT,Pittsburgh,-84.40177,33.73396
2E+11,8/30/15,1:24:00,110,Morn,Sun,HOMICIDE,Downtown,-84.38524,33.76764
152410233,8/29/15,1:19:00,630,Morn,Sat,LARCENY-NON VEHICLE,Midtown,-84.38959,33.78697
152410281,8/29/15,1:35:00,640,Morn,Sat,LARCENY-FROM VEHICLE,Ardmore,-84.39375,33.80426
152410352,8/29/15,1:50:00,420,Morn,Sat,AGG ASSAULT,South River Gardens,-84.37144,33.67339
152410419,8/29/15,2:00:00,640,Morn,Sat,LARCENY-FROM VEHICLE,Castleberry Hill,-84.4037,33.7476
152410462,8/29/15,2:45:00,670,Morn,Sat,LARCENY-NON VEHICLE,Lindbergh/Morosgo,-84.36599,33.82562
152410490,8/29/15,3:00:00,640,Morn,Sat,LARCENY-FROM VEHICLE,Old Fourth Ward,-84.371,33.75394
152410520,8/29/15,3:00:00,410,Morn,Sat,AGG ASSAULT,Old Fourth Ward,-84.37077,33.75411
152410531,8/29/15,NULL,640,Morn,Sat,LARCENY-FROM VEHICLE,Midtown,-84.37336,33.77333
152410553,8/29/15,0:00:00,710,Morn,Sat,AUTO THEFT,Capitol View,-84.4102,33.71178
152410644,8/29/15,0:30:00,710,Morn,Sat,AUTO THEFT,Downtown,-84.38223,33.76126
152410787,8/29/15,6:00:00,347,Morn,Sat,ROBBERY-PEDESTRIAN,Blandtown,-84.41185,33.78703
152410834,8/29/15,6:30:00,670,Morn,Sat,LARCENY-NON VEHICLE,Downtown,-84.39252,33.76522
152411064,8/29/15,9:00:00,512,Day,Sat,BURGLARY-NONRES,Downtown,-84.39913,33.76625
152411069,8/29/15,9:30:00,630,Day,Sat,LARCENY-NON VEHICLE,Hammond Park,-84.4072,33.68067
152411191,8/29/15,10:30:00,420,Day,Sat,AGG ASSAULT,Harland Terrace,-84.48477,33.75362
152411234,8/29/15,10:55:00,430,Day,Sat,AGG ASSAULT,West End,-84.42515,33.74365
152411250,8/29/15,10:30:00,640,Day,Sat,LARCENY-FROM VEHICLE,Greenbriar,-84.49328,33.68845
152411310,8/29/15,11:34:00,630,Day,Sat,LARCENY-NON VEHICLE,Lenox,-84.36212,33.84676
152411361,8/29/15,11:00:00,640,Day,Sat,LARCENY-FROM VEHICLE,Old Fourth Ward,-84.36492,33.76142
152411365,8/29/15,11:40:00,630,Day,Sat,LARCENY-NON VEHICLE,Perkerson,-84.40902,33.68274
152411374,8/29/15,10:30:00,640,Day,Sat,LARCENY-FROM VEHICLE,Bolton,-84.45333,33.81881
152411423,8/29/15,12:40:00,640,Day,Sat,LARCENY-FROM VEHICLE,Midtown,-84.38126,33.78006
152411449,8/29/15,2:00:00,710,Day,Sat,AUTO THEFT,Paces,-84.43182,33.84869
152411476,8/29/15,13:00:00,630,Day,Sat,LARCENY-NON VEHICLE,Edgewood,-84.34619,33.75674
152411521,8/29/15,13:35:00,630,Day,Sat,LARCENY-NON VEHICLE,Cascade Avenue/Road,-84.43807,33.73279
152411533,8/29/15,9:00:00,710,Day,Sat,AUTO THEFT,Downtown,-84.38989,33.75882
152411544,8/29/15,13:10:00,630,Day,Sat,LARCENY-NON VEHICLE,North Buckhead,-84.36235,33.85166
152411554,8/29/15,13:40:00,630,Day,Sat,LARCENY-NON VEHICLE,Lindbergh/Morosgo,-84.36328,33.82403
152411562,8/29/15,9:00:00,710,Day,Sat,AUTO THEFT,Pine Hills,-84.35592,33.83387
152411640,8/29/15,13:13:00,640,Day,Sat,LARCENY-FROM VEHICLE,Downtown,-84.39112,33.75161